case_id,reason_code,payment_rail,order_value,days_since_transaction,device_ip_match_history,auth_flow_type,customer_account_age_days,customer_past_order_count,customer_past_dispute_count,delivery_confirmed,tracking_available,merchant_comm_log_exists,refund_already_issued,label
nb_unauth_00000,netbanking_unauthorized,netbanking,2546.7,21,1.0,netbanking_otp,1638,5,1,,,1,1,0
nb_unauth_00001,netbanking_unauthorized,netbanking,7852.79,7,0.912,netbanking_otp,87,5,0,,,1,0,1
nb_unauth_00002,netbanking_unauthorized,netbanking,1058.68,9,0.912,netbanking_otp,918,6,0,,,1,0,1
nb_unauth_00003,netbanking_unauthorized,netbanking,1104.39,3,0.0,saved_credentials,1610,6,0,,,1,0,0
nb_unauth_00004,netbanking_unauthorized,netbanking,969.64,3,0.0,netbanking_otp,1804,8,0,,,1,1,0
nb_unauth_00005,netbanking_unauthorized,netbanking,816.49,16,1.0,saved_credentials,1940,6,0,,,0,0,1
nb_unauth_00006,netbanking_unauthorized,netbanking,1500.77,10,1.0,saved_credentials,254,8,0,,,1,1,1
nb_unauth_00007,netbanking_unauthorized,netbanking,3421.61,1,0.0,saved_credentials,1429,4,0,,,1,0,0
nb_unauth_00008,netbanking_unauthorized,netbanking,16603.84,25,1.0,netbanking_otp,166,5,0,,,1,0,1
nb_unauth_00009,netbanking_unauthorized,netbanking,944.39,7,0.0,netbanking_otp,1108,5,0,,,1,0,0
nb_unauth_00010,netbanking_unauthorized,netbanking,3321.53,1,0.35,netbanking_otp,699,6,0,,,1,0,1
nb_unauth_00011,netbanking_unauthorized,netbanking,4447.04,1,1.0,netbanking_otp,467,8,0,,,1,1,1
nb_unauth_00012,netbanking_unauthorized,netbanking,2626.67,12,1.0,netbanking_otp,1497,10,0,,,1,0,1
nb_unauth_00013,netbanking_unauthorized,netbanking,3662.61,15,0.0,netbanking_otp,1916,5,0,,,0,0,1
nb_unauth_00014,netbanking_unauthorized,netbanking,2158.78,3,1.0,netbanking_otp,694,3,0,,,1,0,1
nb_unauth_00015,netbanking_unauthorized,netbanking,1712.93,10,1.0,netbanking_otp,1444,7,0,,,1,0,1
nb_unauth_00016,netbanking_unauthorized,netbanking,2377.93,10,0.895,netbanking_otp,1530,7,0,,,0,0,1
nb_unauth_00017,netbanking_unauthorized,netbanking,6796.06,2,1.0,saved_credentials,1388,6,0,,,1,0,1
nb_unauth_00018,netbanking_unauthorized,netbanking,5277.89,19,0.9,netbanking_otp,664,9,1,,,0,0,1
nb_unauth_00019,netbanking_unauthorized,netbanking,2911.15,10,1.0,netbanking_otp,1764,5,0,,,1,0,1
nb_unauth_00020,netbanking_unauthorized,netbanking,950.21,21,0.0,saved_credentials,1413,5,2,,,1,0,0
nb_unauth_00021,netbanking_unauthorized,netbanking,649.83,0,1.0,netbanking_otp,1751,10,0,,,1,0,1
nb_unauth_00022,netbanking_unauthorized,netbanking,2336.01,1,1.0,netbanking_otp,493,9,1,,,1,0,0
nb_unauth_00023,netbanking_unauthorized,netbanking,4908.08,24,0.0,netbanking_otp,162,7,0,,,1,0,0
nb_unauth_00024,netbanking_unauthorized,netbanking,4519.63,9,0.0,netbanking_otp,1375,2,0,,,1,0,0
nb_unauth_00025,netbanking_unauthorized,netbanking,4135.88,10,0.0,saved_credentials,40,5,0,,,1,0,0
nb_unauth_00026,netbanking_unauthorized,netbanking,832.48,12,0.74,saved_credentials,398,8,1,,,1,0,0
nb_unauth_00027,netbanking_unauthorized,netbanking,5885.04,19,1.0,saved_credentials,446,5,1,,,1,0,1
nb_unauth_00028,netbanking_unauthorized,netbanking,3781.62,21,0.65,netbanking_otp,389,5,0,,,1,0,1
nb_unauth_00029,netbanking_unauthorized,netbanking,1394.26,21,0.0,netbanking_otp,1820,9,1,,,1,0,0
nb_unauth_00030,netbanking_unauthorized,netbanking,6264.55,26,0.0,netbanking_otp,1748,8,1,,,1,0,0
nb_unauth_00031,netbanking_unauthorized,netbanking,1232.53,16,0.0,netbanking_otp,1067,4,0,,,0,0,0
nb_unauth_00032,netbanking_unauthorized,netbanking,4123.17,7,1.0,saved_credentials,1350,8,0,,,0,0,1
nb_unauth_00033,netbanking_unauthorized,netbanking,1791.69,17,1.0,netbanking_otp,1295,9,0,,,0,0,1
nb_unauth_00034,netbanking_unauthorized,netbanking,2544.88,8,0.0,netbanking_otp,1744,7,1,,,1,0,0
nb_unauth_00035,netbanking_unauthorized,netbanking,4459.6,12,0.0,saved_credentials,692,15,0,,,1,1,1
nb_unauth_00036,netbanking_unauthorized,netbanking,3408.04,0,0.0,saved_credentials,1409,8,1,,,0,0,0
nb_unauth_00037,netbanking_unauthorized,netbanking,2990.89,12,0.0,saved_credentials,850,6,0,,,1,0,0
nb_unauth_00038,netbanking_unauthorized,netbanking,1487.73,17,0.95,saved_credentials,1018,7,0,,,1,0,1
nb_unauth_00039,netbanking_unauthorized,netbanking,1684.1,9,0.0,netbanking_otp,600,8,0,,,1,0,0
nb_unauth_00040,netbanking_unauthorized,netbanking,1772.96,3,1.0,saved_credentials,1507,7,0,,,1,0,1
nb_unauth_00041,netbanking_unauthorized,netbanking,6682.68,2,0.0,saved_credentials,1880,6,0,,,1,0,0
nb_unauth_00042,netbanking_unauthorized,netbanking,11894.58,3,1.0,saved_credentials,1965,10,1,,,0,0,1
nb_unauth_00043,netbanking_unauthorized,netbanking,1508.25,10,0.0,saved_credentials,824,6,0,,,1,0,1
nb_unauth_00044,netbanking_unauthorized,netbanking,9121.5,29,1.0,netbanking_otp,172,4,0,,,1,0,1
nb_unauth_00045,netbanking_unauthorized,netbanking,1327.75,13,1.0,netbanking_otp,1671,9,0,,,1,0,1
nb_unauth_00046,netbanking_unauthorized,netbanking,4135.55,27,0.0,saved_credentials,54,5,0,,,1,0,0
nb_unauth_00047,netbanking_unauthorized,netbanking,1274.0,4,0.0,netbanking_otp,311,5,2,,,0,0,0
nb_unauth_00048,netbanking_unauthorized,netbanking,7166.39,29,0.0,saved_credentials,1788,6,0,,,1,0,0
nb_unauth_00049,netbanking_unauthorized,netbanking,5887.62,27,0.0,netbanking_otp,635,5,0,,,1,0,0
nb_unauth_00050,netbanking_unauthorized,netbanking,6872.48,2,1.0,netbanking_otp,1086,6,0,,,1,0,1
nb_unauth_00051,netbanking_unauthorized,netbanking,2156.06,0,1.0,saved_credentials,363,4,0,,,1,0,1
nb_unauth_00052,netbanking_unauthorized,netbanking,1545.98,19,1.0,netbanking_otp,537,7,1,,,0,0,1
nb_unauth_00053,netbanking_unauthorized,netbanking,6672.64,6,1.0,netbanking_otp,587,11,0,,,1,0,1
nb_unauth_00054,netbanking_unauthorized,netbanking,2878.19,19,1.0,saved_credentials,438,11,1,,,1,0,1
nb_unauth_00055,netbanking_unauthorized,netbanking,2906.63,20,0.585,netbanking_otp,1335,9,2,,,1,0,1
nb_unauth_00056,netbanking_unauthorized,netbanking,2126.79,1,0.0,saved_credentials,1348,1,0,,,1,0,0
nb_unauth_00057,netbanking_unauthorized,netbanking,2709.11,24,1.0,saved_credentials,283,4,0,,,1,0,1
nb_unauth_00058,netbanking_unauthorized,netbanking,6699.52,25,0.0,netbanking_otp,1957,6,0,,,1,1,0
nb_unauth_00059,netbanking_unauthorized,netbanking,1949.98,14,0.0,saved_credentials,1072,7,1,,,1,0,0
nb_unauth_00060,netbanking_unauthorized,netbanking,1911.74,27,0.35,netbanking_otp,1442,3,1,,,0,0,0
nb_unauth_00061,netbanking_unauthorized,netbanking,1581.85,17,0.0,saved_credentials,7,7,0,,,0,0,1
nb_unauth_00062,netbanking_unauthorized,netbanking,2682.19,21,0.0,netbanking_otp,777,3,0,,,1,0,0
nb_unauth_00063,netbanking_unauthorized,netbanking,7085.69,8,0.0,netbanking_otp,1966,8,0,,,1,1,1
nb_unauth_00064,netbanking_unauthorized,netbanking,1559.71,18,0.965,saved_credentials,1717,5,0,,,1,0,1
nb_unauth_00065,netbanking_unauthorized,netbanking,1812.48,28,1.0,netbanking_otp,72,9,0,,,1,0,1
nb_unauth_00066,netbanking_unauthorized,netbanking,9146.88,23,0.0,saved_credentials,1349,5,0,,,0,0,0
nb_unauth_00067,netbanking_unauthorized,netbanking,1777.18,19,1.0,netbanking_otp,1509,8,0,,,1,0,1
nb_unauth_00068,netbanking_unauthorized,netbanking,3208.65,12,0.0,saved_credentials,277,8,0,,,1,0,0
nb_unauth_00069,netbanking_unauthorized,netbanking,10387.25,3,0.75,netbanking_otp,1738,5,0,,,1,0,1
nb_unauth_00070,netbanking_unauthorized,netbanking,2738.72,10,0.0,saved_credentials,360,6,0,,,1,0,0
nb_unauth_00071,netbanking_unauthorized,netbanking,12613.88,22,1.0,netbanking_otp,1992,4,0,,,1,0,1
nb_unauth_00072,netbanking_unauthorized,netbanking,1478.37,15,1.0,netbanking_otp,19,9,0,,,1,0,1
nb_unauth_00073,netbanking_unauthorized,netbanking,12154.2,3,0.0,netbanking_otp,1300,6,0,,,1,0,0
nb_unauth_00074,netbanking_unauthorized,netbanking,2649.25,7,1.0,netbanking_otp,477,7,1,,,1,0,1
nb_unauth_00075,netbanking_unauthorized,netbanking,333.3,12,0.783,saved_credentials,1213,3,0,,,1,0,1
nb_unauth_00076,netbanking_unauthorized,netbanking,492.63,1,0.65,netbanking_otp,1533,9,0,,,1,0,1
nb_unauth_00077,netbanking_unauthorized,netbanking,2176.5,14,1.0,netbanking_otp,1115,8,1,,,1,0,1
nb_unauth_00078,netbanking_unauthorized,netbanking,3817.9,27,1.0,saved_credentials,1491,6,0,,,0,0,1
nb_unauth_00079,netbanking_unauthorized,netbanking,2858.48,21,0.0,saved_credentials,1529,5,1,,,1,0,1
nb_unauth_00080,netbanking_unauthorized,netbanking,7783.57,28,1.0,saved_credentials,663,6,1,,,1,0,1
nb_unauth_00081,netbanking_unauthorized,netbanking,4477.06,29,1.0,saved_credentials,1741,9,1,,,1,0,1
nb_unauth_00082,netbanking_unauthorized,netbanking,2527.92,1,0.0,netbanking_otp,165,7,0,,,1,0,1
nb_unauth_00083,netbanking_unauthorized,netbanking,3571.15,11,1.0,netbanking_otp,1055,11,1,,,1,0,1
nb_unauth_00084,netbanking_unauthorized,netbanking,2289.72,6,0.912,netbanking_otp,1507,9,0,,,1,0,1
nb_unauth_00085,netbanking_unauthorized,netbanking,4635.28,20,0.0,saved_credentials,1440,8,0,,,1,0,1
nb_unauth_00086,netbanking_unauthorized,netbanking,1628.14,1,0.0,netbanking_otp,635,6,0,,,0,0,1
nb_unauth_00087,netbanking_unauthorized,netbanking,4692.06,20,1.0,netbanking_otp,1924,4,0,,,1,0,1
nb_unauth_00088,netbanking_unauthorized,netbanking,2777.1,11,1.0,netbanking_otp,1973,6,1,,,1,0,1
nb_unauth_00089,netbanking_unauthorized,netbanking,2227.85,5,0.0,saved_credentials,224,8,1,,,1,0,0
nb_unauth_00090,netbanking_unauthorized,netbanking,7633.66,6,0.0,netbanking_otp,193,6,1,,,0,0,0
nb_unauth_00091,netbanking_unauthorized,netbanking,10312.43,19,0.0,netbanking_otp,1179,6,0,,,0,0,0
nb_unauth_00092,netbanking_unauthorized,netbanking,3691.74,14,0.817,netbanking_otp,375,8,0,,,1,0,1
nb_unauth_00093,netbanking_unauthorized,netbanking,2413.41,26,0.0,saved_credentials,135,5,1,,,1,0,0
nb_unauth_00094,netbanking_unauthorized,netbanking,2462.57,29,0.0,netbanking_otp,1626,13,0,,,1,0,1
nb_unauth_00095,netbanking_unauthorized,netbanking,2443.85,16,0.95,netbanking_otp,871,4,0,,,0,0,1
nb_unauth_00096,netbanking_unauthorized,netbanking,125.74,20,0.0,netbanking_otp,1726,4,0,,,1,0,0
nb_unauth_00097,netbanking_unauthorized,netbanking,5046.09,14,1.0,netbanking_otp,1452,15,1,,,1,0,1
nb_unauth_00098,netbanking_unauthorized,netbanking,4132.58,11,1.0,netbanking_otp,1320,4,0,,,1,0,1
nb_unauth_00099,netbanking_unauthorized,netbanking,3420.31,19,0.0,netbanking_otp,761,8,1,,,1,0,1
nb_unauth_00100,netbanking_unauthorized,netbanking,6048.09,0,1.0,saved_credentials,1492,6,0,,,1,0,1
nb_unauth_00101,netbanking_unauthorized,netbanking,1209.32,24,0.0,saved_credentials,201,7,0,,,1,0,0
nb_unauth_00102,netbanking_unauthorized,netbanking,352.59,20,0.0,netbanking_otp,621,5,2,,,1,0,0
nb_unauth_00103,netbanking_unauthorized,netbanking,2362.87,6,0.0,netbanking_otp,1659,10,2,,,1,0,0
nb_unauth_00104,netbanking_unauthorized,netbanking,5328.47,0,1.0,saved_credentials,1359,9,1,,,1,0,1
nb_unauth_00105,netbanking_unauthorized,netbanking,3631.27,4,0.0,saved_credentials,488,9,0,,,1,0,0
nb_unauth_00106,netbanking_unauthorized,netbanking,2888.87,21,0.0,netbanking_otp,1701,6,0,,,1,0,1
nb_unauth_00107,netbanking_unauthorized,netbanking,10605.91,19,0.814,saved_credentials,1005,7,0,,,1,1,1
nb_unauth_00108,netbanking_unauthorized,netbanking,8214.09,19,0.0,netbanking_otp,1468,10,0,,,1,0,0
nb_unauth_00109,netbanking_unauthorized,netbanking,5741.74,1,1.0,netbanking_otp,300,7,0,,,1,0,1
nb_unauth_00110,netbanking_unauthorized,netbanking,2752.04,0,0.0,netbanking_otp,275,10,0,,,1,0,0
nb_unauth_00111,netbanking_unauthorized,netbanking,17541.68,24,0.0,saved_credentials,1978,6,0,,,1,0,0
nb_unauth_00112,netbanking_unauthorized,netbanking,1309.76,13,0.0,saved_credentials,1829,11,0,,,1,0,0
nb_unauth_00113,netbanking_unauthorized,netbanking,7002.41,9,1.0,netbanking_otp,766,7,0,,,1,0,1
nb_unauth_00114,netbanking_unauthorized,netbanking,7365.22,2,0.0,netbanking_otp,1857,3,0,,,1,1,0
nb_unauth_00115,netbanking_unauthorized,netbanking,2230.52,3,1.0,netbanking_otp,1643,6,0,,,0,0,1
nb_unauth_00116,netbanking_unauthorized,netbanking,8496.61,22,0.0,netbanking_otp,544,13,1,,,1,1,0
nb_unauth_00117,netbanking_unauthorized,netbanking,1212.54,22,0.0,netbanking_otp,769,6,2,,,1,0,0
nb_unauth_00118,netbanking_unauthorized,netbanking,4502.1,8,0.0,netbanking_otp,1060,2,0,,,0,0,0
nb_unauth_00119,netbanking_unauthorized,netbanking,6727.82,6,0.0,saved_credentials,699,8,0,,,0,0,0
nb_unauth_00120,netbanking_unauthorized,netbanking,4342.91,9,0.0,netbanking_otp,573,5,0,,,1,0,0
nb_unauth_00121,netbanking_unauthorized,netbanking,817.39,12,0.0,saved_credentials,481,7,0,,,1,0,0
nb_unauth_00122,netbanking_unauthorized,netbanking,6631.72,25,0.35,saved_credentials,1277,5,0,,,0,0,0
nb_unauth_00123,netbanking_unauthorized,netbanking,8221.15,12,1.0,netbanking_otp,809,12,0,,,1,0,1
nb_unauth_00124,netbanking_unauthorized,netbanking,3879.9,23,0.0,saved_credentials,1936,10,0,,,0,0,1
nb_unauth_00125,netbanking_unauthorized,netbanking,582.88,24,0.0,netbanking_otp,1750,9,0,,,0,0,0
nb_unauth_00126,netbanking_unauthorized,netbanking,3704.46,17,0.0,netbanking_otp,196,8,1,,,1,0,0
nb_unauth_00127,netbanking_unauthorized,netbanking,2064.63,7,1.0,netbanking_otp,1323,14,0,,,1,0,1
nb_unauth_00128,netbanking_unauthorized,netbanking,3545.1,29,1.0,saved_credentials,1267,5,0,,,1,0,1
nb_unauth_00129,netbanking_unauthorized,netbanking,5656.57,18,1.0,netbanking_otp,107,10,0,,,1,0,1
nb_unauth_00130,netbanking_unauthorized,netbanking,1118.21,20,0.0,netbanking_otp,1579,9,0,,,0,0,0
nb_unauth_00131,netbanking_unauthorized,netbanking,9410.67,29,0.717,saved_credentials,1082,3,0,,,1,0,0
nb_unauth_00132,netbanking_unauthorized,netbanking,2650.1,18,0.0,netbanking_otp,1666,5,0,,,1,0,0
nb_unauth_00133,netbanking_unauthorized,netbanking,3939.68,17,1.0,saved_credentials,996,9,1,,,1,0,1
nb_unauth_00134,netbanking_unauthorized,netbanking,2265.74,24,0.0,netbanking_otp,843,5,0,,,1,1,0
nb_unauth_00135,netbanking_unauthorized,netbanking,5655.45,4,1.0,saved_credentials,1374,7,0,,,1,0,1
nb_unauth_00136,netbanking_unauthorized,netbanking,9407.48,28,0.0,netbanking_otp,1531,9,1,,,1,0,0
nb_unauth_00137,netbanking_unauthorized,netbanking,1716.32,8,0.0,saved_credentials,1510,9,1,,,1,0,0
nb_unauth_00138,netbanking_unauthorized,netbanking,5116.24,29,0.0,saved_credentials,964,8,2,,,1,0,0
nb_unauth_00139,netbanking_unauthorized,netbanking,1938.81,16,0.567,saved_credentials,1131,5,0,,,1,0,1
nb_unauth_00140,netbanking_unauthorized,netbanking,5557.14,26,0.0,netbanking_otp,1986,7,1,,,1,0,0
nb_unauth_00141,netbanking_unauthorized,netbanking,3477.86,9,0.0,netbanking_otp,1751,6,0,,,1,0,1
nb_unauth_00142,netbanking_unauthorized,netbanking,6454.8,22,0.869,netbanking_otp,796,12,0,,,1,0,1
nb_unauth_00143,netbanking_unauthorized,netbanking,4194.64,15,1.0,saved_credentials,1284,8,2,,,1,0,1
nb_unauth_00144,netbanking_unauthorized,netbanking,13133.05,19,0.0,netbanking_otp,332,6,0,,,1,1,0
nb_unauth_00145,netbanking_unauthorized,netbanking,2282.16,16,0.0,netbanking_otp,676,8,0,,,1,0,0
nb_unauth_00146,netbanking_unauthorized,netbanking,1016.12,29,0.0,netbanking_otp,1075,5,0,,,1,0,0
nb_unauth_00147,netbanking_unauthorized,netbanking,2124.9,22,0.0,saved_credentials,753,3,0,,,1,0,1
nb_unauth_00148,netbanking_unauthorized,netbanking,2155.8,7,1.0,netbanking_otp,1862,3,0,,,1,1,1
nb_unauth_00149,netbanking_unauthorized,netbanking,3135.31,18,1.0,netbanking_otp,1717,6,0,,,1,1,1
nb_unauth_00150,netbanking_unauthorized,netbanking,2494.17,10,0.0,saved_credentials,57,10,0,,,0,0,1
nb_unauth_00151,netbanking_unauthorized,netbanking,3941.83,20,0.87,netbanking_otp,520,8,0,,,1,1,0
nb_unauth_00152,netbanking_unauthorized,netbanking,631.67,14,0.0,saved_credentials,316,10,0,,,1,0,0
nb_unauth_00153,netbanking_unauthorized,netbanking,2483.18,6,0.0,saved_credentials,285,10,1,,,1,0,0
nb_unauth_00154,netbanking_unauthorized,netbanking,2460.63,6,0.783,netbanking_otp,1093,7,0,,,1,1,1
nb_unauth_00155,netbanking_unauthorized,netbanking,5887.44,12,0.922,netbanking_otp,1504,11,0,,,1,0,1
nb_unauth_00156,netbanking_unauthorized,netbanking,1512.13,14,1.0,netbanking_otp,1458,11,0,,,1,0,1
nb_unauth_00157,netbanking_unauthorized,netbanking,1444.99,24,1.0,saved_credentials,855,6,0,,,1,0,1
nb_unauth_00158,netbanking_unauthorized,netbanking,3420.01,19,1.0,saved_credentials,815,6,0,,,1,0,0
nb_unauth_00159,netbanking_unauthorized,netbanking,6152.3,22,0.928,netbanking_otp,454,4,0,,,1,1,0
nb_unauth_00160,netbanking_unauthorized,netbanking,104.63,4,0.814,netbanking_otp,1725,6,0,,,1,0,1
nb_unauth_00161,netbanking_unauthorized,netbanking,5689.2,5,1.0,netbanking_otp,1659,6,0,,,1,0,1
nb_unauth_00162,netbanking_unauthorized,netbanking,5071.5,1,0.0,netbanking_otp,736,3,1,,,1,0,0
nb_unauth_00163,netbanking_unauthorized,netbanking,3167.67,1,0.0,saved_credentials,370,4,0,,,1,1,0
nb_unauth_00164,netbanking_unauthorized,netbanking,3831.58,4,1.0,saved_credentials,939,6,1,,,0,0,1
nb_unauth_00165,netbanking_unauthorized,netbanking,7024.61,19,0.0,netbanking_otp,1465,8,0,,,1,0,0
nb_unauth_00166,netbanking_unauthorized,netbanking,2141.64,13,0.0,netbanking_otp,556,9,0,,,1,0,0
nb_unauth_00167,netbanking_unauthorized,netbanking,926.69,13,0.0,saved_credentials,681,8,0,,,1,0,0
nb_unauth_00168,netbanking_unauthorized,netbanking,5093.15,22,0.0,netbanking_otp,299,5,0,,,1,0,0
nb_unauth_00169,netbanking_unauthorized,netbanking,4782.24,12,0.0,saved_credentials,1425,10,0,,,1,0,1
nb_unauth_00170,netbanking_unauthorized,netbanking,382.98,0,1.0,netbanking_otp,1765,4,0,,,1,0,1
nb_unauth_00171,netbanking_unauthorized,netbanking,9686.67,0,0.0,saved_credentials,1546,4,0,,,1,0,1
nb_unauth_00172,netbanking_unauthorized,netbanking,4554.03,5,0.0,netbanking_otp,1606,9,1,,,1,0,0
nb_unauth_00173,netbanking_unauthorized,netbanking,1600.72,11,0.892,netbanking_otp,315,3,0,,,1,1,1
nb_unauth_00174,netbanking_unauthorized,netbanking,4838.45,26,0.0,saved_credentials,1734,11,0,,,0,0,0
nb_unauth_00175,netbanking_unauthorized,netbanking,4363.84,5,1.0,netbanking_otp,1649,5,0,,,1,0,1
nb_unauth_00176,netbanking_unauthorized,netbanking,2402.07,22,0.0,saved_credentials,636,8,0,,,1,0,0
nb_unauth_00177,netbanking_unauthorized,netbanking,3799.12,1,0.0,saved_credentials,1237,3,0,,,0,0,0
nb_unauth_00178,netbanking_unauthorized,netbanking,3823.1,3,0.0,netbanking_otp,148,5,0,,,1,0,0
nb_unauth_00179,netbanking_unauthorized,netbanking,3493.25,11,0.35,netbanking_otp,1718,12,0,,,1,1,1
nb_unauth_00180,netbanking_unauthorized,netbanking,3262.07,19,0.936,netbanking_otp,10,3,1,,,1,0,1
nb_unauth_00181,netbanking_unauthorized,netbanking,4400.61,24,0.0,saved_credentials,63,9,0,,,0,1,0
nb_unauth_00182,netbanking_unauthorized,netbanking,3914.75,22,1.0,netbanking_otp,1232,5,1,,,1,0,1
nb_unauth_00183,netbanking_unauthorized,netbanking,2153.1,26,0.0,netbanking_otp,1513,7,0,,,1,0,0
nb_unauth_00184,netbanking_unauthorized,netbanking,1319.25,13,0.783,netbanking_otp,1634,10,0,,,1,0,1
nb_unauth_00185,netbanking_unauthorized,netbanking,3783.77,7,0.0,saved_credentials,1971,9,0,,,1,0,1
nb_unauth_00186,netbanking_unauthorized,netbanking,5658.31,12,1.0,netbanking_otp,39,2,0,,,1,1,0
nb_unauth_00187,netbanking_unauthorized,netbanking,3671.98,8,0.0,netbanking_otp,1406,5,0,,,1,0,1
nb_unauth_00188,netbanking_unauthorized,netbanking,2120.49,10,0.0,netbanking_otp,635,9,0,,,1,1,0
nb_unauth_00189,netbanking_unauthorized,netbanking,592.5,2,0.0,netbanking_otp,1835,5,1,,,0,0,1
nb_unauth_00190,netbanking_unauthorized,netbanking,9899.38,23,0.783,saved_credentials,585,8,0,,,1,0,1
nb_unauth_00191,netbanking_unauthorized,netbanking,4639.71,27,0.0,saved_credentials,830,9,2,,,0,0,0
nb_unauth_00192,netbanking_unauthorized,netbanking,4393.0,2,0.85,saved_credentials,598,8,0,,,1,0,1
nb_unauth_00193,netbanking_unauthorized,netbanking,2417.42,1,0.0,netbanking_otp,1403,6,0,,,1,0,0
nb_unauth_00194,netbanking_unauthorized,netbanking,621.18,24,0.941,saved_credentials,1806,9,0,,,0,1,1
nb_unauth_00195,netbanking_unauthorized,netbanking,2001.96,28,1.0,netbanking_otp,1134,12,0,,,1,1,1
nb_unauth_00196,netbanking_unauthorized,netbanking,8863.58,0,0.0,saved_credentials,699,6,1,,,1,0,0
nb_unauth_00197,netbanking_unauthorized,netbanking,1062.06,19,1.0,netbanking_otp,671,3,0,,,0,0,1
nb_unauth_00198,netbanking_unauthorized,netbanking,483.79,12,1.0,netbanking_otp,1368,8,0,,,0,0,1
nb_unauth_00199,netbanking_unauthorized,netbanking,9808.26,23,1.0,netbanking_otp,1246,9,0,,,0,0,1
nb_unauth_00200,netbanking_unauthorized,netbanking,1626.05,15,0.767,netbanking_otp,482,8,0,,,1,0,1
nb_unauth_00201,netbanking_unauthorized,netbanking,2903.39,6,0.0,saved_credentials,722,8,0,,,1,0,0
nb_unauth_00202,netbanking_unauthorized,netbanking,4442.63,8,0.0,saved_credentials,1892,13,0,,,1,0,1
nb_unauth_00203,netbanking_unauthorized,netbanking,11964.66,18,0.0,saved_credentials,1898,9,1,,,1,1,0
nb_unauth_00204,netbanking_unauthorized,netbanking,8720.73,7,0.0,saved_credentials,779,9,0,,,1,0,0
nb_unauth_00205,netbanking_unauthorized,netbanking,3193.24,3,1.0,netbanking_otp,1595,3,0,,,0,0,1
nb_unauth_00206,netbanking_unauthorized,netbanking,2110.51,15,0.0,netbanking_otp,145,8,1,,,1,0,0
nb_unauth_00207,netbanking_unauthorized,netbanking,1204.0,19,1.0,netbanking_otp,1741,5,0,,,1,0,1
nb_unauth_00208,netbanking_unauthorized,netbanking,4691.19,23,1.0,netbanking_otp,639,5,0,,,1,0,1
nb_unauth_00209,netbanking_unauthorized,netbanking,3689.43,18,1.0,netbanking_otp,1271,4,0,,,1,0,1
nb_unauth_00210,netbanking_unauthorized,netbanking,569.8,12,0.838,netbanking_otp,1233,8,0,,,1,1,1
nb_unauth_00211,netbanking_unauthorized,netbanking,2889.67,24,0.0,saved_credentials,1681,7,0,,,1,0,0
nb_unauth_00212,netbanking_unauthorized,netbanking,3762.47,13,0.838,netbanking_otp,1914,3,0,,,1,0,1
nb_unauth_00213,netbanking_unauthorized,netbanking,4999.62,19,0.922,netbanking_otp,734,9,1,,,0,0,1
nb_unauth_00214,netbanking_unauthorized,netbanking,1422.67,27,0.0,saved_credentials,1081,7,0,,,1,1,0
nb_unauth_00215,netbanking_unauthorized,netbanking,3846.36,29,0.0,saved_credentials,1323,8,0,,,1,0,0
nb_unauth_00216,netbanking_unauthorized,netbanking,1168.73,13,1.0,saved_credentials,1172,8,1,,,1,0,0
nb_unauth_00217,netbanking_unauthorized,netbanking,4451.22,14,1.0,netbanking_otp,668,6,0,,,1,0,1
nb_unauth_00218,netbanking_unauthorized,netbanking,2815.58,26,0.0,saved_credentials,765,11,0,,,1,0,1
nb_unauth_00219,netbanking_unauthorized,netbanking,12581.57,16,0.0,netbanking_otp,1189,4,0,,,1,1,0
nb_unauth_00220,netbanking_unauthorized,netbanking,1674.63,22,0.936,netbanking_otp,1879,4,0,,,1,0,1
nb_unauth_00221,netbanking_unauthorized,netbanking,2286.89,2,1.0,netbanking_otp,143,7,1,,,1,0,1
nb_unauth_00222,netbanking_unauthorized,netbanking,610.33,24,1.0,saved_credentials,454,3,0,,,1,0,1
nb_unauth_00223,netbanking_unauthorized,netbanking,3305.12,3,0.954,netbanking_otp,1584,1,1,,,1,0,1
nb_unauth_00224,netbanking_unauthorized,netbanking,2539.05,11,0.0,netbanking_otp,1190,14,2,,,1,1,0
nb_unauth_00225,netbanking_unauthorized,netbanking,3565.96,5,0.0,netbanking_otp,844,9,2,,,1,0,0
nb_unauth_00226,netbanking_unauthorized,netbanking,3167.04,27,0.0,saved_credentials,711,6,0,,,1,0,1
nb_unauth_00227,netbanking_unauthorized,netbanking,12736.92,3,1.0,saved_credentials,1967,7,0,,,1,0,1
nb_unauth_00228,netbanking_unauthorized,netbanking,4760.61,16,0.0,netbanking_otp,1767,8,1,,,1,1,1
nb_unauth_00229,netbanking_unauthorized,netbanking,5936.02,4,0.567,netbanking_otp,1716,9,0,,,1,1,1
nb_unauth_00230,netbanking_unauthorized,netbanking,3650.27,0,0.35,saved_credentials,572,8,0,,,0,0,1
nb_unauth_00231,netbanking_unauthorized,netbanking,4093.75,7,0.0,saved_credentials,1229,6,0,,,1,0,0
nb_unauth_00232,netbanking_unauthorized,netbanking,3546.0,2,0.0,saved_credentials,1917,9,0,,,1,0,1
nb_unauth_00233,netbanking_unauthorized,netbanking,3596.18,8,1.0,netbanking_otp,532,6,0,,,1,1,0
nb_unauth_00234,netbanking_unauthorized,netbanking,2110.82,4,1.0,saved_credentials,415,5,1,,,1,0,1
nb_unauth_00235,netbanking_unauthorized,netbanking,5829.68,20,1.0,netbanking_otp,1260,11,1,,,1,0,1
nb_unauth_00236,netbanking_unauthorized,netbanking,13273.82,5,1.0,netbanking_otp,393,7,0,,,0,0,1
nb_unauth_00237,netbanking_unauthorized,netbanking,3643.85,14,0.9,netbanking_otp,1513,8,1,,,0,0,1
nb_unauth_00238,netbanking_unauthorized,netbanking,1495.56,0,1.0,saved_credentials,1726,6,0,,,1,0,1
nb_unauth_00239,netbanking_unauthorized,netbanking,6799.09,27,0.93,netbanking_otp,944,5,0,,,1,0,1
nb_unauth_00240,netbanking_unauthorized,netbanking,9757.37,13,0.0,saved_credentials,1982,4,0,,,1,0,0
nb_unauth_00241,netbanking_unauthorized,netbanking,2216.86,10,0.783,saved_credentials,1185,9,0,,,1,1,1
nb_unauth_00242,netbanking_unauthorized,netbanking,1202.97,9,0.0,saved_credentials,822,9,1,,,1,0,0
nb_unauth_00243,netbanking_unauthorized,netbanking,5398.11,1,1.0,netbanking_otp,1752,11,1,,,1,0,1
nb_unauth_00244,netbanking_unauthorized,netbanking,3734.11,7,0.0,netbanking_otp,1246,5,0,,,1,0,1
nb_unauth_00245,netbanking_unauthorized,netbanking,5049.91,25,0.0,netbanking_otp,275,5,1,,,1,0,0
nb_unauth_00246,netbanking_unauthorized,netbanking,3435.19,11,0.0,netbanking_otp,1723,6,0,,,1,0,0
nb_unauth_00247,netbanking_unauthorized,netbanking,2891.68,25,0.892,netbanking_otp,999,6,0,,,1,0,1
nb_unauth_00248,netbanking_unauthorized,netbanking,1590.11,5,1.0,netbanking_otp,685,11,0,,,1,0,1
nb_unauth_00249,netbanking_unauthorized,netbanking,4587.23,10,1.0,saved_credentials,1731,5,1,,,1,1,0
nb_unauth_00250,netbanking_unauthorized,netbanking,1033.99,18,0.0,saved_credentials,1546,9,1,,,1,0,0
nb_unauth_00251,netbanking_unauthorized,netbanking,5812.69,2,1.0,netbanking_otp,782,7,0,,,1,0,1
nb_unauth_00252,netbanking_unauthorized,netbanking,5544.89,10,0.0,netbanking_otp,1970,8,0,,,1,0,1
nb_unauth_00253,netbanking_unauthorized,netbanking,4458.89,26,0.86,netbanking_otp,1768,1,1,,,0,0,1
nb_unauth_00254,netbanking_unauthorized,netbanking,8012.21,14,0.833,saved_credentials,347,3,0,,,1,0,1
nb_unauth_00255,netbanking_unauthorized,netbanking,2689.41,28,1.0,netbanking_otp,1116,8,0,,,1,0,1
nb_unauth_00256,netbanking_unauthorized,netbanking,2613.94,4,1.0,netbanking_otp,1277,5,1,,,1,0,1
nb_unauth_00257,netbanking_unauthorized,netbanking,2458.47,29,1.0,netbanking_otp,803,8,2,,,1,0,1
nb_unauth_00258,netbanking_unauthorized,netbanking,3868.2,26,0.928,saved_credentials,1065,7,0,,,1,0,1
nb_unauth_00259,netbanking_unauthorized,netbanking,3086.84,11,1.0,netbanking_otp,1983,4,0,,,0,0,1
nb_unauth_00260,netbanking_unauthorized,netbanking,2389.86,16,0.892,saved_credentials,1134,9,0,,,1,0,1
nb_unauth_00261,netbanking_unauthorized,netbanking,2557.29,3,0.0,saved_credentials,324,11,0,,,1,0,0
nb_unauth_00262,netbanking_unauthorized,netbanking,4313.86,4,1.0,saved_credentials,1705,6,0,,,1,0,1
nb_unauth_00263,netbanking_unauthorized,netbanking,7481.77,11,1.0,netbanking_otp,695,8,0,,,1,0,1
nb_unauth_00264,netbanking_unauthorized,netbanking,2069.03,9,1.0,saved_credentials,334,8,0,,,1,0,1
nb_unauth_00265,netbanking_unauthorized,netbanking,328.16,17,0.0,netbanking_otp,440,9,2,,,1,0,0
nb_unauth_00266,netbanking_unauthorized,netbanking,5313.29,27,1.0,netbanking_otp,1662,12,2,,,1,0,1
nb_unauth_00267,netbanking_unauthorized,netbanking,1500.19,1,0.0,netbanking_otp,1966,9,0,,,1,0,1
nb_unauth_00268,netbanking_unauthorized,netbanking,7467.26,25,1.0,netbanking_otp,370,8,0,,,1,0,1
nb_unauth_00269,netbanking_unauthorized,netbanking,5964.37,8,1.0,netbanking_otp,301,6,1,,,1,0,1
nb_unauth_00270,netbanking_unauthorized,netbanking,6334.91,19,0.65,netbanking_otp,1946,7,0,,,1,0,1
nb_unauth_00271,netbanking_unauthorized,netbanking,3563.27,28,0.975,saved_credentials,239,5,0,,,1,1,1
nb_unauth_00272,netbanking_unauthorized,netbanking,7205.2,22,1.0,netbanking_otp,1116,10,0,,,1,0,1
nb_unauth_00273,netbanking_unauthorized,netbanking,4551.65,1,1.0,netbanking_otp,528,3,0,,,1,0,1
nb_unauth_00274,netbanking_unauthorized,netbanking,4288.25,17,0.0,saved_credentials,398,2,0,,,1,0,0
nb_unauth_00275,netbanking_unauthorized,netbanking,3772.1,4,0.35,saved_credentials,1217,10,0,,,0,1,0
nb_unauth_00276,netbanking_unauthorized,netbanking,4906.06,7,0.0,netbanking_otp,354,3,0,,,1,0,1
nb_unauth_00277,netbanking_unauthorized,netbanking,868.93,17,0.0,netbanking_otp,530,1,1,,,0,0,0
nb_unauth_00278,netbanking_unauthorized,netbanking,2366.18,17,0.85,netbanking_otp,1295,7,1,,,1,0,1
nb_unauth_00279,netbanking_unauthorized,netbanking,2370.21,28,0.0,netbanking_otp,654,10,0,,,1,0,0
nb_unauth_00280,netbanking_unauthorized,netbanking,3160.16,8,1.0,netbanking_otp,1972,7,0,,,0,0,1
nb_unauth_00281,netbanking_unauthorized,netbanking,1429.73,28,0.0,netbanking_otp,1068,5,1,,,1,0,0
nb_unauth_00282,netbanking_unauthorized,netbanking,1984.76,13,0.0,saved_credentials,224,14,0,,,1,1,0
nb_unauth_00283,netbanking_unauthorized,netbanking,1114.38,7,0.0,netbanking_otp,1272,9,0,,,0,0,1
nb_unauth_00284,netbanking_unauthorized,netbanking,1964.9,18,1.0,netbanking_otp,1219,6,0,,,1,0,1
nb_unauth_00285,netbanking_unauthorized,netbanking,1649.24,18,1.0,netbanking_otp,1160,6,0,,,0,1,1
nb_unauth_00286,netbanking_unauthorized,netbanking,1925.75,26,0.0,netbanking_otp,1921,8,0,,,1,0,0
nb_unauth_00287,netbanking_unauthorized,netbanking,6052.41,28,0.512,netbanking_otp,1230,15,0,,,1,0,1
nb_unauth_00288,netbanking_unauthorized,netbanking,3231.55,19,1.0,netbanking_otp,1506,8,1,,,1,0,1
nb_unauth_00289,netbanking_unauthorized,netbanking,2825.69,18,0.907,saved_credentials,1342,11,0,,,1,0,1
nb_unauth_00290,netbanking_unauthorized,netbanking,7970.34,8,0.0,netbanking_otp,507,7,1,,,1,0,0
nb_unauth_00291,netbanking_unauthorized,netbanking,4356.99,6,0.971,netbanking_otp,1754,7,0,,,0,0,1
nb_unauth_00292,netbanking_unauthorized,netbanking,4612.57,17,0.0,saved_credentials,1353,5,0,,,1,1,0
nb_unauth_00293,netbanking_unauthorized,netbanking,3782.33,20,0.35,netbanking_otp,1350,8,0,,,1,1,0
nb_unauth_00294,netbanking_unauthorized,netbanking,6153.09,11,0.0,netbanking_otp,150,8,0,,,1,0,0
nb_unauth_00295,netbanking_unauthorized,netbanking,6821.44,15,1.0,netbanking_otp,1442,14,0,,,1,0,1
nb_unauth_00296,netbanking_unauthorized,netbanking,4230.7,17,1.0,netbanking_otp,186,8,0,,,1,0,1
nb_unauth_00297,netbanking_unauthorized,netbanking,6101.75,14,0.0,netbanking_otp,793,3,0,,,0,0,0
nb_unauth_00298,netbanking_unauthorized,netbanking,4899.43,1,0.928,netbanking_otp,1124,4,0,,,1,0,1
nb_unauth_00299,netbanking_unauthorized,netbanking,4348.7,14,0.912,netbanking_otp,1889,7,1,,,1,0,1
nb_unauth_00300,netbanking_unauthorized,netbanking,2638.88,6,0.0,netbanking_otp,362,2,1,,,1,1,0
nb_unauth_00301,netbanking_unauthorized,netbanking,1884.36,3,0.0,netbanking_otp,1616,9,1,,,1,0,0
nb_unauth_00302,netbanking_unauthorized,netbanking,889.78,14,0.0,saved_credentials,1073,8,0,,,1,0,0
nb_unauth_00303,netbanking_unauthorized,netbanking,9466.7,23,0.0,netbanking_otp,1165,8,1,,,1,0,1
nb_unauth_00304,netbanking_unauthorized,netbanking,6144.66,23,0.35,netbanking_otp,1821,3,0,,,1,0,1
nb_unauth_00305,netbanking_unauthorized,netbanking,2430.05,10,0.0,netbanking_otp,897,8,0,,,1,0,0
nb_unauth_00306,netbanking_unauthorized,netbanking,734.5,17,0.0,netbanking_otp,273,4,0,,,1,1,0
nb_unauth_00307,netbanking_unauthorized,netbanking,4922.05,5,1.0,netbanking_otp,38,3,0,,,1,0,1
nb_unauth_00308,netbanking_unauthorized,netbanking,2710.85,8,1.0,saved_credentials,712,8,1,,,0,0,1
nb_unauth_00309,netbanking_unauthorized,netbanking,6368.48,13,0.65,netbanking_otp,1973,7,1,,,1,0,0
nb_unauth_00310,netbanking_unauthorized,netbanking,1548.85,11,0.0,saved_credentials,435,2,1,,,1,0,0
nb_unauth_00311,netbanking_unauthorized,netbanking,2356.47,19,1.0,saved_credentials,283,9,0,,,1,0,1
nb_unauth_00312,netbanking_unauthorized,netbanking,2930.34,22,1.0,netbanking_otp,70,7,1,,,1,0,1
nb_unauth_00313,netbanking_unauthorized,netbanking,5408.35,16,1.0,netbanking_otp,1018,5,0,,,0,0,1
nb_unauth_00314,netbanking_unauthorized,netbanking,2016.17,0,0.0,netbanking_otp,721,7,0,,,1,0,0
nb_unauth_00315,netbanking_unauthorized,netbanking,4966.53,24,1.0,saved_credentials,684,6,1,,,1,0,1
nb_unauth_00316,netbanking_unauthorized,netbanking,942.63,13,1.0,saved_credentials,1200,10,0,,,1,0,1
nb_unauth_00317,netbanking_unauthorized,netbanking,3254.88,25,0.0,saved_credentials,652,8,0,,,1,0,0
nb_unauth_00318,netbanking_unauthorized,netbanking,8641.03,8,0.0,saved_credentials,113,3,1,,,1,0,0
nb_unauth_00319,netbanking_unauthorized,netbanking,11113.41,18,0.79,saved_credentials,839,6,0,,,1,0,1
nb_unauth_00320,netbanking_unauthorized,netbanking,7095.06,7,0.79,netbanking_otp,1479,4,1,,,1,0,1
nb_unauth_00321,netbanking_unauthorized,netbanking,713.6,16,1.0,saved_credentials,1145,3,1,,,1,0,1
nb_unauth_00322,netbanking_unauthorized,netbanking,3020.54,25,1.0,netbanking_otp,1870,11,0,,,1,1,1
nb_unauth_00323,netbanking_unauthorized,netbanking,3332.22,17,1.0,netbanking_otp,20,6,0,,,1,0,0
nb_unauth_00324,netbanking_unauthorized,netbanking,6495.91,29,1.0,netbanking_otp,122,8,1,,,1,0,1
nb_unauth_00325,netbanking_unauthorized,netbanking,3717.86,11,1.0,netbanking_otp,309,10,0,,,1,0,1
nb_unauth_00326,netbanking_unauthorized,netbanking,1460.09,3,0.0,netbanking_otp,68,9,1,,,1,1,0
nb_unauth_00327,netbanking_unauthorized,netbanking,7171.27,14,0.919,netbanking_otp,1226,11,1,,,1,0,1
nb_unauth_00328,netbanking_unauthorized,netbanking,10210.14,24,0.0,netbanking_otp,1246,9,1,,,0,0,1
nb_unauth_00329,netbanking_unauthorized,netbanking,5833.07,15,1.0,netbanking_otp,1478,8,0,,,1,0,1
nb_unauth_00330,netbanking_unauthorized,netbanking,1942.77,18,1.0,netbanking_otp,415,8,0,,,1,0,1
nb_unauth_00331,netbanking_unauthorized,netbanking,11808.45,24,0.0,netbanking_otp,1350,8,0,,,1,0,0
nb_unauth_00332,netbanking_unauthorized,netbanking,6197.9,7,0.0,netbanking_otp,350,6,0,,,1,0,0
nb_unauth_00333,netbanking_unauthorized,netbanking,5515.72,22,1.0,netbanking_otp,1981,8,0,,,1,0,1
nb_unauth_00334,netbanking_unauthorized,netbanking,9920.8,28,0.0,netbanking_otp,504,8,0,,,1,0,0
nb_unauth_00335,netbanking_unauthorized,netbanking,6315.05,5,0.0,saved_credentials,96,6,0,,,1,0,0
nb_unauth_00336,netbanking_unauthorized,netbanking,3111.77,5,1.0,netbanking_otp,369,12,0,,,1,0,1
nb_unauth_00337,netbanking_unauthorized,netbanking,9106.96,29,0.0,netbanking_otp,1030,4,2,,,1,0,0
nb_unauth_00338,netbanking_unauthorized,netbanking,1599.71,29,1.0,netbanking_otp,1428,2,1,,,1,0,1
nb_unauth_00339,netbanking_unauthorized,netbanking,1868.81,28,1.0,netbanking_otp,837,5,0,,,0,0,1
nb_unauth_00340,netbanking_unauthorized,netbanking,2253.79,25,1.0,netbanking_otp,639,9,1,,,1,0,1
nb_unauth_00341,netbanking_unauthorized,netbanking,3806.68,8,0.956,saved_credentials,398,6,0,,,1,0,1
nb_unauth_00342,netbanking_unauthorized,netbanking,4229.67,16,1.0,netbanking_otp,246,8,1,,,0,0,1
nb_unauth_00343,netbanking_unauthorized,netbanking,2953.17,29,1.0,netbanking_otp,1781,8,0,,,1,1,1
nb_unauth_00344,netbanking_unauthorized,netbanking,3071.39,21,1.0,saved_credentials,1491,5,0,,,1,0,1
nb_unauth_00345,netbanking_unauthorized,netbanking,4382.84,15,1.0,netbanking_otp,287,5,2,,,1,0,1
nb_unauth_00346,netbanking_unauthorized,netbanking,1602.68,18,0.0,saved_credentials,310,9,0,,,1,0,1
nb_unauth_00347,netbanking_unauthorized,netbanking,5189.33,6,0.0,saved_credentials,1009,8,0,,,1,0,0
nb_unauth_00348,netbanking_unauthorized,netbanking,289.53,10,0.0,netbanking_otp,703,8,0,,,1,0,0
nb_unauth_00349,netbanking_unauthorized,netbanking,3439.31,21,0.0,saved_credentials,385,10,1,,,1,0,0
nb_unauth_00350,netbanking_unauthorized,netbanking,2239.93,28,0.0,saved_credentials,881,7,1,,,1,0,1
nb_unauth_00351,netbanking_unauthorized,netbanking,11492.1,1,0.942,saved_credentials,873,7,0,,,1,0,1
nb_unauth_00352,netbanking_unauthorized,netbanking,2778.25,12,0.764,netbanking_otp,1162,9,0,,,1,0,1
nb_unauth_00353,netbanking_unauthorized,netbanking,3820.1,20,0.0,netbanking_otp,1581,5,1,,,1,0,0
nb_unauth_00354,netbanking_unauthorized,netbanking,2887.82,13,1.0,netbanking_otp,555,5,1,,,1,0,1
nb_unauth_00355,netbanking_unauthorized,netbanking,1354.35,25,0.65,netbanking_otp,1401,4,1,,,1,1,0
nb_unauth_00356,netbanking_unauthorized,netbanking,1304.93,19,0.0,netbanking_otp,1458,7,1,,,1,0,0
nb_unauth_00357,netbanking_unauthorized,netbanking,1098.44,10,1.0,netbanking_otp,1401,12,1,,,1,0,1
nb_unauth_00358,netbanking_unauthorized,netbanking,3400.73,22,0.783,netbanking_otp,1858,5,0,,,1,0,1
nb_unauth_00359,netbanking_unauthorized,netbanking,2691.89,10,0.0,netbanking_otp,430,6,0,,,1,0,0
nb_unauth_00360,netbanking_unauthorized,netbanking,701.45,12,0.0,netbanking_otp,1470,10,0,,,1,0,0
nb_unauth_00361,netbanking_unauthorized,netbanking,10501.32,8,0.0,netbanking_otp,46,7,0,,,0,0,0
nb_unauth_00362,netbanking_unauthorized,netbanking,5517.46,29,0.0,netbanking_otp,669,11,1,,,1,0,0
nb_unauth_00363,netbanking_unauthorized,netbanking,3877.16,12,1.0,netbanking_otp,1440,7,0,,,0,0,1
nb_unauth_00364,netbanking_unauthorized,netbanking,439.49,28,0.0,netbanking_otp,1861,12,0,,,1,0,1
nb_unauth_00365,netbanking_unauthorized,netbanking,4609.23,17,0.35,netbanking_otp,213,8,1,,,1,0,1
nb_unauth_00366,netbanking_unauthorized,netbanking,3716.44,3,0.0,netbanking_otp,1463,7,0,,,1,0,0
nb_unauth_00367,netbanking_unauthorized,netbanking,6318.7,22,1.0,netbanking_otp,780,6,0,,,1,0,1
nb_unauth_00368,netbanking_unauthorized,netbanking,1901.85,5,0.685,netbanking_otp,1070,4,0,,,1,1,1
nb_unauth_00369,netbanking_unauthorized,netbanking,2356.01,26,0.0,saved_credentials,1688,5,0,,,1,0,0
nb_unauth_00370,netbanking_unauthorized,netbanking,4149.48,28,0.0,saved_credentials,1706,10,0,,,1,0,1
nb_unauth_00371,netbanking_unauthorized,netbanking,2280.38,16,1.0,netbanking_otp,819,9,1,,,1,0,1
nb_unauth_00372,netbanking_unauthorized,netbanking,4563.67,11,1.0,saved_credentials,1755,5,1,,,1,0,1
nb_unauth_00373,netbanking_unauthorized,netbanking,1319.15,14,0.0,saved_credentials,931,10,0,,,0,0,0
nb_unauth_00374,netbanking_unauthorized,netbanking,3199.97,23,0.035,saved_credentials,461,7,2,,,1,0,0
nb_unauth_00375,netbanking_unauthorized,netbanking,1927.87,11,0.0,netbanking_otp,1915,7,0,,,1,0,0
nb_unauth_00376,netbanking_unauthorized,netbanking,6102.65,1,1.0,netbanking_otp,717,6,0,,,1,0,1
nb_unauth_00377,netbanking_unauthorized,netbanking,12213.63,17,0.0,saved_credentials,1818,6,0,,,1,0,0
nb_unauth_00378,netbanking_unauthorized,netbanking,10270.84,22,0.67,netbanking_otp,1839,5,2,,,1,0,1
nb_unauth_00379,netbanking_unauthorized,netbanking,611.03,4,0.0,saved_credentials,182,7,0,,,1,0,0
nb_unauth_00380,netbanking_unauthorized,netbanking,4852.15,10,0.0,netbanking_otp,1426,5,2,,,1,0,0
nb_unauth_00381,netbanking_unauthorized,netbanking,1901.6,14,0.0,netbanking_otp,1733,9,1,,,1,1,0
nb_unauth_00382,netbanking_unauthorized,netbanking,1286.52,18,1.0,saved_credentials,412,10,0,,,1,1,1
nb_unauth_00383,netbanking_unauthorized,netbanking,4756.75,15,0.0,netbanking_otp,989,7,0,,,1,1,0
nb_unauth_00384,netbanking_unauthorized,netbanking,1287.24,22,0.0,saved_credentials,1978,10,0,,,1,0,0
nb_unauth_00385,netbanking_unauthorized,netbanking,7451.34,18,0.95,netbanking_otp,1596,8,0,,,1,0,1
nb_unauth_00386,netbanking_unauthorized,netbanking,4828.44,21,0.0,netbanking_otp,682,3,0,,,1,0,0
nb_unauth_00387,netbanking_unauthorized,netbanking,6428.29,2,0.0,saved_credentials,704,11,0,,,1,0,1
nb_unauth_00388,netbanking_unauthorized,netbanking,4155.84,27,0.0,saved_credentials,218,6,1,,,1,0,0
nb_unauth_00389,netbanking_unauthorized,netbanking,1145.36,12,0.0,netbanking_otp,1914,7,0,,,0,0,1
nb_unauth_00390,netbanking_unauthorized,netbanking,2610.82,12,0.0,netbanking_otp,1763,10,0,,,0,0,0
nb_unauth_00391,netbanking_unauthorized,netbanking,8356.94,22,0.85,netbanking_otp,1593,14,4,,,1,0,1
nb_unauth_00392,netbanking_unauthorized,netbanking,3111.94,12,1.0,netbanking_otp,810,10,1,,,1,0,1
nb_unauth_00393,netbanking_unauthorized,netbanking,2944.02,23,0.935,netbanking_otp,899,12,0,,,0,1,1
nb_unauth_00394,netbanking_unauthorized,netbanking,8979.25,24,0.0,netbanking_otp,754,10,0,,,1,0,1
nb_unauth_00395,netbanking_unauthorized,netbanking,4056.44,16,1.0,netbanking_otp,722,9,1,,,1,0,1
nb_unauth_00396,netbanking_unauthorized,netbanking,7763.64,16,1.0,saved_credentials,129,7,0,,,1,0,0
nb_unauth_00397,netbanking_unauthorized,netbanking,3151.15,26,1.0,netbanking_otp,422,10,1,,,1,0,1
nb_unauth_00398,netbanking_unauthorized,netbanking,1560.06,22,0.0,netbanking_otp,1223,10,1,,,1,0,0
nb_unauth_00399,netbanking_unauthorized,netbanking,348.13,22,0.0,netbanking_otp,551,9,0,,,1,0,0
nb_unauth_00400,netbanking_unauthorized,netbanking,3096.01,20,0.971,netbanking_otp,307,10,0,,,1,0,1
nb_unauth_00401,netbanking_unauthorized,netbanking,3723.22,23,1.0,netbanking_otp,884,7,0,,,1,0,1
nb_unauth_00402,netbanking_unauthorized,netbanking,7261.67,23,0.0,saved_credentials,1611,4,1,,,1,0,0
nb_unauth_00403,netbanking_unauthorized,netbanking,33.97,23,1.0,netbanking_otp,709,8,0,,,0,1,0
nb_unauth_00404,netbanking_unauthorized,netbanking,5150.98,12,0.0,saved_credentials,1507,9,0,,,1,0,1
nb_unauth_00405,netbanking_unauthorized,netbanking,3483.64,21,0.0,netbanking_otp,1288,7,0,,,1,0,1
nb_unauth_00406,netbanking_unauthorized,netbanking,3010.59,15,0.0,netbanking_otp,653,6,0,,,1,0,0
nb_unauth_00407,netbanking_unauthorized,netbanking,11834.06,25,0.928,netbanking_otp,1271,5,0,,,1,1,1
nb_unauth_00408,netbanking_unauthorized,netbanking,4855.05,14,0.0,saved_credentials,1020,8,1,,,1,0,0
nb_unauth_00409,netbanking_unauthorized,netbanking,9217.82,2,0.0,netbanking_otp,387,9,0,,,1,0,0
nb_unauth_00410,netbanking_unauthorized,netbanking,1855.85,24,1.0,netbanking_otp,852,5,0,,,1,0,1
nb_unauth_00411,netbanking_unauthorized,netbanking,2508.43,15,0.0,netbanking_otp,522,8,0,,,1,0,0
nb_unauth_00412,netbanking_unauthorized,netbanking,7308.23,1,0.0,netbanking_otp,1099,8,0,,,1,0,0
nb_unauth_00413,netbanking_unauthorized,netbanking,1625.33,24,0.823,netbanking_otp,91,9,0,,,0,0,1
nb_unauth_00414,netbanking_unauthorized,netbanking,1705.69,1,1.0,saved_credentials,160,6,0,,,0,0,1
nb_unauth_00415,netbanking_unauthorized,netbanking,1440.03,3,0.946,netbanking_otp,765,6,1,,,1,0,1
nb_unauth_00416,netbanking_unauthorized,netbanking,2235.41,21,1.0,saved_credentials,1029,5,1,,,1,0,1
nb_unauth_00417,netbanking_unauthorized,netbanking,4182.39,4,0.942,netbanking_otp,947,8,0,,,1,0,1
nb_unauth_00418,netbanking_unauthorized,netbanking,5113.0,8,0.654,netbanking_otp,164,8,0,,,1,0,1
nb_unauth_00419,netbanking_unauthorized,netbanking,3906.88,12,0.0,saved_credentials,211,6,1,,,1,0,0
nb_unauth_00420,netbanking_unauthorized,netbanking,2684.61,29,0.0,netbanking_otp,207,7,0,,,0,0,0
nb_unauth_00421,netbanking_unauthorized,netbanking,3586.6,16,0.0,netbanking_otp,171,8,0,,,1,0,0
nb_unauth_00422,netbanking_unauthorized,netbanking,9279.42,29,0.0,netbanking_otp,1663,7,1,,,1,0,0
nb_unauth_00423,netbanking_unauthorized,netbanking,3508.55,21,0.0,netbanking_otp,536,6,1,,,1,0,0
nb_unauth_00424,netbanking_unauthorized,netbanking,2526.45,8,0.922,netbanking_otp,1589,6,1,,,1,0,1
nb_unauth_00425,netbanking_unauthorized,netbanking,272.91,16,1.0,netbanking_otp,983,6,0,,,1,1,1
nb_unauth_00426,netbanking_unauthorized,netbanking,3267.71,10,0.0,saved_credentials,1983,5,0,,,1,1,0
nb_unauth_00427,netbanking_unauthorized,netbanking,7082.67,6,0.0,netbanking_otp,1966,6,0,,,1,0,1
nb_unauth_00428,netbanking_unauthorized,netbanking,680.9,16,1.0,saved_credentials,1206,12,1,,,0,0,1
nb_unauth_00429,netbanking_unauthorized,netbanking,1107.44,25,0.0,saved_credentials,1830,9,0,,,1,0,1
nb_unauth_00430,netbanking_unauthorized,netbanking,2297.76,23,0.0,netbanking_otp,804,10,0,,,1,0,0
nb_unauth_00431,netbanking_unauthorized,netbanking,2029.59,7,0.0,saved_credentials,797,7,0,,,1,0,1
nb_unauth_00432,netbanking_unauthorized,netbanking,3759.0,7,0.0,netbanking_otp,250,6,1,,,1,0,0
nb_unauth_00433,netbanking_unauthorized,netbanking,11032.14,25,0.0,netbanking_otp,1112,10,1,,,1,0,0
nb_unauth_00434,netbanking_unauthorized,netbanking,1364.66,18,0.0,saved_credentials,1324,5,0,,,1,0,0
nb_unauth_00435,netbanking_unauthorized,netbanking,1992.15,14,1.0,netbanking_otp,1119,11,1,,,1,0,1
nb_unauth_00436,netbanking_unauthorized,netbanking,3058.77,24,0.0,saved_credentials,462,13,1,,,1,0,0
nb_unauth_00437,netbanking_unauthorized,netbanking,1859.29,1,0.0,netbanking_otp,686,6,0,,,0,1,0
nb_unauth_00438,netbanking_unauthorized,netbanking,3743.43,22,0.912,saved_credentials,510,9,0,,,1,0,1
nb_unauth_00439,netbanking_unauthorized,netbanking,4991.96,14,0.0,netbanking_otp,1713,6,0,,,1,0,1
nb_unauth_00440,netbanking_unauthorized,netbanking,2039.47,14,0.919,netbanking_otp,270,6,0,,,1,0,1
nb_unauth_00441,netbanking_unauthorized,netbanking,6357.02,19,0.0,netbanking_otp,583,5,1,,,1,1,0
nb_unauth_00442,netbanking_unauthorized,netbanking,2579.79,6,0.0,saved_credentials,655,8,0,,,0,0,1
nb_unauth_00443,netbanking_unauthorized,netbanking,1844.19,26,1.0,netbanking_otp,854,6,0,,,1,0,1
nb_unauth_00444,netbanking_unauthorized,netbanking,866.23,2,0.0,saved_credentials,617,6,0,,,1,1,0
nb_unauth_00445,netbanking_unauthorized,netbanking,5363.03,17,1.0,netbanking_otp,1813,5,0,,,1,0,1
nb_unauth_00446,netbanking_unauthorized,netbanking,4268.43,14,0.0,netbanking_otp,1012,12,0,,,1,0,0
nb_unauth_00447,netbanking_unauthorized,netbanking,1293.02,29,0.0,saved_credentials,692,5,0,,,1,0,1
nb_unauth_00448,netbanking_unauthorized,netbanking,1656.32,19,1.0,netbanking_otp,679,7,0,,,1,0,0
nb_unauth_00449,netbanking_unauthorized,netbanking,4008.41,11,0.0,netbanking_otp,1022,7,0,,,1,0,0
nb_unauth_00450,netbanking_unauthorized,netbanking,5120.65,12,1.0,netbanking_otp,726,8,0,,,1,0,1
nb_unauth_00451,netbanking_unauthorized,netbanking,4379.73,7,1.0,saved_credentials,1741,6,0,,,1,0,1
nb_unauth_00452,netbanking_unauthorized,netbanking,5342.99,1,0.0,netbanking_otp,246,3,1,,,1,0,0
nb_unauth_00453,netbanking_unauthorized,netbanking,13356.18,13,1.0,netbanking_otp,655,8,0,,,1,0,1
nb_unauth_00454,netbanking_unauthorized,netbanking,6436.29,0,1.0,saved_credentials,865,5,0,,,1,0,1
nb_unauth_00455,netbanking_unauthorized,netbanking,5463.46,19,0.0,netbanking_otp,1923,3,0,,,1,0,0
nb_unauth_00456,netbanking_unauthorized,netbanking,2206.08,27,1.0,netbanking_otp,594,10,0,,,1,0,1
nb_unauth_00457,netbanking_unauthorized,netbanking,1171.49,2,0.95,netbanking_otp,407,3,0,,,1,0,0
nb_unauth_00458,netbanking_unauthorized,netbanking,8368.86,29,0.0,saved_credentials,799,6,2,,,1,0,0
nb_unauth_00459,netbanking_unauthorized,netbanking,2300.13,2,1.0,saved_credentials,1368,6,0,,,1,0,1
nb_unauth_00460,netbanking_unauthorized,netbanking,4690.16,14,0.125,netbanking_otp,1970,5,0,,,1,0,1
nb_unauth_00461,netbanking_unauthorized,netbanking,822.89,18,1.0,saved_credentials,121,5,0,,,1,0,1
nb_unauth_00462,netbanking_unauthorized,netbanking,527.35,19,1.0,netbanking_otp,1293,5,2,,,1,1,1
nb_unauth_00463,netbanking_unauthorized,netbanking,6395.22,11,0.0,saved_credentials,1074,10,0,,,1,0,0
nb_unauth_00464,netbanking_unauthorized,netbanking,1808.25,1,1.0,saved_credentials,675,6,0,,,0,0,1
nb_unauth_00465,netbanking_unauthorized,netbanking,4660.87,23,0.0,netbanking_otp,319,6,0,,,1,0,0
nb_unauth_00466,netbanking_unauthorized,netbanking,1826.17,13,1.0,netbanking_otp,1316,9,0,,,1,0,1
nb_unauth_00467,netbanking_unauthorized,netbanking,5038.61,7,1.0,netbanking_otp,1257,5,0,,,1,0,1
nb_unauth_00468,netbanking_unauthorized,netbanking,3206.34,13,0.0,saved_credentials,266,7,2,,,1,0,0
nb_unauth_00469,netbanking_unauthorized,netbanking,2777.99,13,1.0,netbanking_otp,1234,6,1,,,1,1,0
nb_unauth_00470,netbanking_unauthorized,netbanking,4345.21,17,0.0,netbanking_otp,1023,5,0,,,1,1,0
nb_unauth_00471,netbanking_unauthorized,netbanking,4862.63,15,0.87,saved_credentials,833,15,0,,,1,0,1
nb_unauth_00472,netbanking_unauthorized,netbanking,1963.22,17,0.35,netbanking_otp,1064,8,0,,,1,0,0
nb_unauth_00473,netbanking_unauthorized,netbanking,4688.32,28,1.0,netbanking_otp,1849,12,1,,,1,0,1
nb_unauth_00474,netbanking_unauthorized,netbanking,4960.22,27,1.0,netbanking_otp,869,1,1,,,1,0,1
nb_unauth_00475,netbanking_unauthorized,netbanking,6310.27,0,0.0,saved_credentials,1782,6,1,,,1,0,0
nb_unauth_00476,netbanking_unauthorized,netbanking,7774.59,19,1.0,netbanking_otp,60,5,0,,,1,1,1
nb_unauth_00477,netbanking_unauthorized,netbanking,3307.32,6,0.0,saved_credentials,1470,4,0,,,1,0,1
nb_unauth_00478,netbanking_unauthorized,netbanking,1839.79,2,0.0,netbanking_otp,1497,9,0,,,1,0,0
nb_unauth_00479,netbanking_unauthorized,netbanking,1473.56,2,0.0,netbanking_otp,1439,10,3,,,1,0,0
nb_unauth_00480,netbanking_unauthorized,netbanking,2087.5,19,1.0,netbanking_otp,739,6,0,,,1,0,1
nb_unauth_00481,netbanking_unauthorized,netbanking,2234.16,29,0.0,saved_credentials,137,11,0,,,0,0,0
nb_unauth_00482,netbanking_unauthorized,netbanking,2532.18,23,1.0,netbanking_otp,111,7,0,,,1,1,0
nb_unauth_00483,netbanking_unauthorized,netbanking,3232.09,3,1.0,netbanking_otp,647,5,0,,,0,1,1
nb_unauth_00484,netbanking_unauthorized,netbanking,3822.35,6,1.0,netbanking_otp,244,10,0,,,1,0,1
nb_unauth_00485,netbanking_unauthorized,netbanking,3993.91,24,0.892,netbanking_otp,407,6,1,,,1,0,1
nb_unauth_00486,netbanking_unauthorized,netbanking,5718.08,18,0.814,netbanking_otp,39,6,0,,,1,0,1
nb_unauth_00487,netbanking_unauthorized,netbanking,8332.54,15,0.0,netbanking_otp,777,9,0,,,1,0,1
nb_unauth_00488,netbanking_unauthorized,netbanking,4019.73,5,1.0,netbanking_otp,1817,7,0,,,1,0,1
nb_unauth_00489,netbanking_unauthorized,netbanking,2238.44,23,0.892,saved_credentials,219,3,0,,,1,0,1
nb_unauth_00490,netbanking_unauthorized,netbanking,5635.65,25,1.0,netbanking_otp,730,7,0,,,1,0,1
nb_unauth_00491,netbanking_unauthorized,netbanking,5389.77,9,0.0,saved_credentials,637,10,0,,,1,0,1
nb_unauth_00492,netbanking_unauthorized,netbanking,2053.14,29,0.0,netbanking_otp,875,5,3,,,0,0,0
nb_unauth_00493,netbanking_unauthorized,netbanking,5453.75,14,1.0,saved_credentials,1142,3,1,,,1,1,1
nb_unauth_00494,netbanking_unauthorized,netbanking,1463.62,1,0.0,saved_credentials,1838,4,0,,,0,0,0
nb_unauth_00495,netbanking_unauthorized,netbanking,1185.31,29,0.0,netbanking_otp,333,4,0,,,1,1,0
nb_unauth_00496,netbanking_unauthorized,netbanking,1545.81,5,0.759,netbanking_otp,603,6,0,,,1,0,0
nb_unauth_00497,netbanking_unauthorized,netbanking,5721.36,2,0.0,saved_credentials,212,5,1,,,0,0,0
nb_unauth_00498,netbanking_unauthorized,netbanking,2741.94,13,0.0,saved_credentials,90,9,1,,,1,0,0
nb_unauth_00499,netbanking_unauthorized,netbanking,6217.68,18,0.25,saved_credentials,1413,6,0,,,1,0,1
nb_unauth_00500,netbanking_unauthorized,netbanking,8839.18,18,0.567,netbanking_otp,583,12,0,,,0,0,1
nb_unauth_00501,netbanking_unauthorized,netbanking,8533.9,28,1.0,netbanking_otp,494,12,0,,,1,0,1
nb_unauth_00502,netbanking_unauthorized,netbanking,2000.21,13,0.0,saved_credentials,885,5,1,,,1,0,0
nb_unauth_00503,netbanking_unauthorized,netbanking,2836.03,3,1.0,netbanking_otp,956,7,0,,,1,0,1
nb_unauth_00504,netbanking_unauthorized,netbanking,3306.05,13,0.935,netbanking_otp,873,6,0,,,1,1,0
nb_unauth_00505,netbanking_unauthorized,netbanking,9708.58,25,0.87,saved_credentials,1677,10,2,,,0,1,1
nb_unauth_00506,netbanking_unauthorized,netbanking,1967.02,0,1.0,netbanking_otp,1364,5,0,,,1,0,1
nb_unauth_00507,netbanking_unauthorized,netbanking,6934.81,8,1.0,netbanking_otp,757,9,0,,,1,0,1
nb_unauth_00508,netbanking_unauthorized,netbanking,4662.71,20,1.0,saved_credentials,388,10,0,,,1,0,1
nb_unauth_00509,netbanking_unauthorized,netbanking,272.1,6,0.0,saved_credentials,198,9,0,,,1,0,0
nb_unauth_00510,netbanking_unauthorized,netbanking,2664.12,14,0.971,netbanking_otp,1415,8,1,,,1,0,0
nb_unauth_00511,netbanking_unauthorized,netbanking,1383.05,4,1.0,saved_credentials,1570,4,0,,,1,0,1
nb_unauth_00512,netbanking_unauthorized,netbanking,2590.25,3,0.0,netbanking_otp,1396,7,1,,,1,0,1
nb_unauth_00513,netbanking_unauthorized,netbanking,292.02,22,0.0,saved_credentials,1477,3,0,,,1,0,0
nb_unauth_00514,netbanking_unauthorized,netbanking,10121.44,23,1.0,netbanking_otp,1275,8,0,,,1,1,1
nb_unauth_00515,netbanking_unauthorized,netbanking,2392.5,1,0.861,saved_credentials,1220,6,1,,,1,0,1
nb_unauth_00516,netbanking_unauthorized,netbanking,2611.55,16,0.3,netbanking_otp,1930,5,0,,,1,0,0
nb_unauth_00517,netbanking_unauthorized,netbanking,9461.31,12,0.0,netbanking_otp,1076,10,0,,,1,0,1
nb_unauth_00518,netbanking_unauthorized,netbanking,996.71,11,0.0,netbanking_otp,1806,5,0,,,1,0,0
nb_unauth_00519,netbanking_unauthorized,netbanking,4797.11,20,1.0,netbanking_otp,1504,4,0,,,1,0,1
nb_unauth_00520,netbanking_unauthorized,netbanking,1793.18,19,0.0,netbanking_otp,884,11,0,,,0,0,0
nb_unauth_00521,netbanking_unauthorized,netbanking,544.03,4,0.883,netbanking_otp,707,5,0,,,1,0,1
nb_unauth_00522,netbanking_unauthorized,netbanking,5241.65,29,0.0,saved_credentials,333,8,1,,,1,0,0
nb_unauth_00523,netbanking_unauthorized,netbanking,7933.92,6,1.0,netbanking_otp,660,8,0,,,0,0,1
nb_unauth_00524,netbanking_unauthorized,netbanking,3154.8,16,0.838,saved_credentials,1047,7,1,,,0,0,1
nb_unauth_00525,netbanking_unauthorized,netbanking,5825.97,4,0.0,saved_credentials,1255,7,0,,,1,0,1
nb_unauth_00526,netbanking_unauthorized,netbanking,1960.18,18,0.0,netbanking_otp,1688,7,0,,,1,0,1
nb_unauth_00527,netbanking_unauthorized,netbanking,4917.86,0,0.0,netbanking_otp,333,8,0,,,1,0,0
nb_unauth_00528,netbanking_unauthorized,netbanking,3393.51,8,1.0,netbanking_otp,324,5,1,,,1,0,1
nb_unauth_00529,netbanking_unauthorized,netbanking,2156.27,13,0.0,netbanking_otp,1266,10,0,,,1,0,1
nb_unauth_00530,netbanking_unauthorized,netbanking,1325.01,2,0.0,netbanking_otp,32,8,1,,,1,0,0
nb_unauth_00531,netbanking_unauthorized,netbanking,7831.71,14,1.0,netbanking_otp,1734,5,0,,,0,0,1
nb_unauth_00532,netbanking_unauthorized,netbanking,3492.91,17,0.0,saved_credentials,432,7,0,,,1,0,0
nb_unauth_00533,netbanking_unauthorized,netbanking,2463.7,28,1.0,netbanking_otp,1030,10,0,,,1,0,1
nb_unauth_00534,netbanking_unauthorized,netbanking,2730.02,11,0.0,saved_credentials,154,3,2,,,1,0,0
nb_unauth_00535,netbanking_unauthorized,netbanking,5028.37,21,1.0,netbanking_otp,166,8,0,,,1,0,1
nb_unauth_00536,netbanking_unauthorized,netbanking,5692.04,7,1.0,netbanking_otp,1789,6,1,,,1,0,1
nb_unauth_00537,netbanking_unauthorized,netbanking,3410.02,29,0.922,netbanking_otp,1326,6,1,,,1,1,1
nb_unauth_00538,netbanking_unauthorized,netbanking,4724.5,28,1.0,netbanking_otp,1883,8,0,,,1,0,1
nb_unauth_00539,netbanking_unauthorized,netbanking,2583.75,22,1.0,netbanking_otp,1738,5,0,,,1,0,1
nb_unauth_00540,netbanking_unauthorized,netbanking,2856.38,6,1.0,saved_credentials,1974,7,0,,,1,0,1
nb_unauth_00541,netbanking_unauthorized,netbanking,5301.8,29,0.35,netbanking_otp,394,8,2,,,1,0,0
nb_unauth_00542,netbanking_unauthorized,netbanking,2509.88,11,0.838,netbanking_otp,1466,10,0,,,1,0,1
nb_unauth_00543,netbanking_unauthorized,netbanking,1228.23,7,0.0,saved_credentials,1224,11,1,,,0,0,0
nb_unauth_00544,netbanking_unauthorized,netbanking,5102.67,12,1.0,netbanking_otp,425,8,0,,,1,0,1
nb_unauth_00545,netbanking_unauthorized,netbanking,4465.19,5,1.0,netbanking_otp,395,4,0,,,1,0,1
nb_unauth_00546,netbanking_unauthorized,netbanking,6379.25,10,1.0,saved_credentials,780,3,0,,,1,0,1
nb_unauth_00547,netbanking_unauthorized,netbanking,5048.71,11,0.0,saved_credentials,1639,9,0,,,1,0,1
nb_unauth_00548,netbanking_unauthorized,netbanking,4374.79,29,1.0,netbanking_otp,933,7,0,,,1,0,1
nb_unauth_00549,netbanking_unauthorized,netbanking,1063.66,14,0.0,netbanking_otp,506,5,1,,,1,0,0
nb_unauth_00550,netbanking_unauthorized,netbanking,3338.16,22,0.0,saved_credentials,1166,8,0,,,0,0,0
nb_unauth_00551,netbanking_unauthorized,netbanking,2247.97,24,0.0,netbanking_otp,1259,8,0,,,1,0,0
nb_unauth_00552,netbanking_unauthorized,netbanking,5020.24,28,1.0,netbanking_otp,1236,9,0,,,1,0,1
nb_unauth_00553,netbanking_unauthorized,netbanking,10104.42,16,0.0,netbanking_otp,1179,11,0,,,1,0,1
nb_unauth_00554,netbanking_unauthorized,netbanking,5613.58,17,0.0,saved_credentials,763,8,0,,,0,0,0
nb_unauth_00555,netbanking_unauthorized,netbanking,992.27,28,1.0,netbanking_otp,750,7,0,,,0,0,1
nb_unauth_00556,netbanking_unauthorized,netbanking,4193.69,20,0.0,netbanking_otp,760,4,0,,,1,0,0
nb_unauth_00557,netbanking_unauthorized,netbanking,2259.55,8,1.0,netbanking_otp,1801,3,0,,,1,0,1
nb_unauth_00558,netbanking_unauthorized,netbanking,5400.13,17,1.0,netbanking_otp,864,7,0,,,1,0,1
nb_unauth_00559,netbanking_unauthorized,netbanking,6038.13,17,0.0,saved_credentials,1802,7,1,,,1,0,0
nb_unauth_00560,netbanking_unauthorized,netbanking,3262.77,17,1.0,netbanking_otp,633,5,2,,,1,1,0
nb_unauth_00561,netbanking_unauthorized,netbanking,2531.96,19,1.0,netbanking_otp,680,7,0,,,1,0,1
nb_unauth_00562,netbanking_unauthorized,netbanking,4366.71,12,0.0,saved_credentials,700,5,0,,,1,0,0
nb_unauth_00563,netbanking_unauthorized,netbanking,2046.76,4,0.93,saved_credentials,696,11,0,,,0,0,1
nb_unauth_00564,netbanking_unauthorized,netbanking,6161.56,10,0.0,netbanking_otp,651,3,0,,,0,0,0
nb_unauth_00565,netbanking_unauthorized,netbanking,5076.25,23,0.907,saved_credentials,1310,7,0,,,1,0,0
nb_unauth_00566,netbanking_unauthorized,netbanking,2448.84,29,0.0,netbanking_otp,1925,7,0,,,1,0,1
nb_unauth_00567,netbanking_unauthorized,netbanking,1396.26,19,1.0,netbanking_otp,568,6,0,,,1,0,1
nb_unauth_00568,netbanking_unauthorized,netbanking,4041.65,23,1.0,netbanking_otp,610,8,0,,,1,0,1
nb_unauth_00569,netbanking_unauthorized,netbanking,6960.05,5,1.0,netbanking_otp,608,7,1,,,1,0,1
nb_unauth_00570,netbanking_unauthorized,netbanking,5867.11,23,0.0,saved_credentials,484,5,0,,,1,0,0
nb_unauth_00571,netbanking_unauthorized,netbanking,1209.04,12,1.0,netbanking_otp,42,7,2,,,1,0,1
nb_unauth_00572,netbanking_unauthorized,netbanking,4714.42,21,0.781,saved_credentials,9,10,1,,,1,0,1
nb_unauth_00573,netbanking_unauthorized,netbanking,5076.1,19,0.961,saved_credentials,188,9,0,,,1,0,1
nb_unauth_00574,netbanking_unauthorized,netbanking,2885.6,22,1.0,netbanking_otp,298,5,1,,,0,0,1
nb_unauth_00575,netbanking_unauthorized,netbanking,3504.29,22,0.0,saved_credentials,1316,11,0,,,0,0,0
nb_unauth_00576,netbanking_unauthorized,netbanking,5655.86,19,0.0,netbanking_otp,259,8,1,,,1,1,0
nb_unauth_00577,netbanking_unauthorized,netbanking,3789.23,12,0.892,netbanking_otp,642,12,0,,,0,0,1
nb_unauth_00578,netbanking_unauthorized,netbanking,436.54,24,1.0,netbanking_otp,929,8,0,,,1,0,1
nb_unauth_00579,netbanking_unauthorized,netbanking,1735.29,21,0.0,saved_credentials,163,7,0,,,1,0,0
nb_unauth_00580,netbanking_unauthorized,netbanking,2414.19,4,0.0,saved_credentials,952,4,0,,,0,0,0
nb_unauth_00581,netbanking_unauthorized,netbanking,1777.94,7,1.0,netbanking_otp,1860,4,0,,,1,1,0
nb_unauth_00582,netbanking_unauthorized,netbanking,6131.4,8,0.0,netbanking_otp,14,10,0,,,0,0,0
nb_unauth_00583,netbanking_unauthorized,netbanking,4587.31,9,1.0,netbanking_otp,592,6,1,,,1,0,1
nb_unauth_00584,netbanking_unauthorized,netbanking,1057.07,21,0.838,saved_credentials,179,3,0,,,1,0,1
nb_unauth_00585,netbanking_unauthorized,netbanking,4516.65,0,0.0,saved_credentials,419,9,1,,,1,0,0
nb_unauth_00586,netbanking_unauthorized,netbanking,6459.26,7,0.0,saved_credentials,1683,6,2,,,1,0,0
nb_unauth_00587,netbanking_unauthorized,netbanking,2901.24,14,1.0,netbanking_otp,1045,13,0,,,1,0,1
nb_unauth_00588,netbanking_unauthorized,netbanking,4306.71,5,0.0,saved_credentials,690,5,0,,,1,0,0
nb_unauth_00589,netbanking_unauthorized,netbanking,3669.13,5,0.0,saved_credentials,1661,5,2,,,1,0,0
nb_unauth_00590,netbanking_unauthorized,netbanking,1321.8,12,0.0,netbanking_otp,1836,4,1,,,1,0,0
nb_unauth_00591,netbanking_unauthorized,netbanking,4528.81,18,0.0,saved_credentials,1745,5,0,,,1,0,1
nb_unauth_00592,netbanking_unauthorized,netbanking,2214.51,10,0.0,netbanking_otp,1020,8,0,,,0,0,0
nb_unauth_00593,netbanking_unauthorized,netbanking,8692.04,28,0.919,netbanking_otp,610,6,0,,,1,0,1
nb_unauth_00594,netbanking_unauthorized,netbanking,1244.75,12,1.0,netbanking_otp,1017,14,0,,,1,0,1
nb_unauth_00595,netbanking_unauthorized,netbanking,3373.33,29,0.48,netbanking_otp,1484,8,0,,,1,0,1
nb_unauth_00596,netbanking_unauthorized,netbanking,6712.2,16,0.0,netbanking_otp,872,4,0,,,0,0,0
nb_unauth_00597,netbanking_unauthorized,netbanking,2446.25,11,1.0,saved_credentials,1046,7,0,,,1,0,1
nb_unauth_00598,netbanking_unauthorized,netbanking,4467.24,3,0.0,netbanking_otp,1545,8,2,,,0,0,0
nb_unauth_00599,netbanking_unauthorized,netbanking,20688.13,22,0.869,netbanking_otp,1191,6,0,,,0,0,1
nb_unauth_00600,netbanking_unauthorized,netbanking,6384.44,16,1.0,netbanking_otp,1511,8,1,,,1,0,1
nb_unauth_00601,netbanking_unauthorized,netbanking,4635.59,28,0.783,netbanking_otp,880,5,0,,,1,0,1
nb_unauth_00602,netbanking_unauthorized,netbanking,5837.7,29,1.0,netbanking_otp,1612,7,0,,,0,0,1
nb_unauth_00603,netbanking_unauthorized,netbanking,4809.7,15,0.912,netbanking_otp,355,8,1,,,0,0,1
nb_unauth_00604,netbanking_unauthorized,netbanking,1670.5,7,0.892,netbanking_otp,1392,8,0,,,1,0,1
nb_unauth_00605,netbanking_unauthorized,netbanking,4369.85,10,0.0,saved_credentials,1641,10,1,,,1,0,0
nb_unauth_00606,netbanking_unauthorized,netbanking,12822.76,2,1.0,netbanking_otp,835,4,1,,,1,0,1
nb_unauth_00607,netbanking_unauthorized,netbanking,7698.31,4,0.814,netbanking_otp,1088,4,2,,,1,0,1
nb_unauth_00608,netbanking_unauthorized,netbanking,2737.63,12,0.883,netbanking_otp,1229,6,1,,,1,0,1
nb_unauth_00609,netbanking_unauthorized,netbanking,2997.52,5,1.0,saved_credentials,804,8,0,,,1,0,0
nb_unauth_00610,netbanking_unauthorized,netbanking,13401.72,25,0.0,netbanking_otp,963,6,0,,,1,0,0
nb_unauth_00611,netbanking_unauthorized,netbanking,3370.33,25,0.0,netbanking_otp,1350,11,1,,,1,0,0
nb_unauth_00612,netbanking_unauthorized,netbanking,2483.89,5,1.0,netbanking_otp,1489,6,1,,,0,0,1
nb_unauth_00613,netbanking_unauthorized,netbanking,1714.98,7,0.956,netbanking_otp,851,7,0,,,0,1,0
nb_unauth_00614,netbanking_unauthorized,netbanking,3882.64,24,1.0,netbanking_otp,1768,6,0,,,1,0,1
nb_unauth_00615,netbanking_unauthorized,netbanking,2360.04,8,0.0,saved_credentials,1698,6,1,,,1,0,1
nb_unauth_00616,netbanking_unauthorized,netbanking,3764.7,7,1.0,netbanking_otp,1454,11,2,,,1,0,0
nb_unauth_00617,netbanking_unauthorized,netbanking,4545.23,22,0.0,saved_credentials,272,7,0,,,0,0,0
nb_unauth_00618,netbanking_unauthorized,netbanking,8350.19,12,1.0,netbanking_otp,769,7,0,,,0,0,1
nb_unauth_00619,netbanking_unauthorized,netbanking,2952.57,25,0.0,saved_credentials,60,8,0,,,0,0,0
nb_unauth_00620,netbanking_unauthorized,netbanking,418.46,15,0.404,netbanking_otp,1858,4,0,,,1,0,1
nb_unauth_00621,netbanking_unauthorized,netbanking,2835.61,6,1.0,netbanking_otp,1139,6,0,,,1,0,1
nb_unauth_00622,netbanking_unauthorized,netbanking,2865.73,4,1.0,netbanking_otp,666,7,1,,,1,0,1
nb_unauth_00623,netbanking_unauthorized,netbanking,2686.06,20,0.0,netbanking_otp,514,8,1,,,1,0,0
nb_unauth_00624,netbanking_unauthorized,netbanking,3260.98,13,0.0,netbanking_otp,1365,8,1,,,1,0,0
nb_unauth_00625,netbanking_unauthorized,netbanking,617.87,13,0.0,netbanking_otp,237,7,1,,,1,0,0
nb_unauth_00626,netbanking_unauthorized,netbanking,1294.89,20,1.0,netbanking_otp,729,5,0,,,1,1,0
nb_unauth_00627,netbanking_unauthorized,netbanking,2591.44,8,0.0,netbanking_otp,61,6,1,,,1,0,1
nb_unauth_00628,netbanking_unauthorized,netbanking,6377.3,29,1.0,netbanking_otp,1493,11,0,,,0,0,1
nb_unauth_00629,netbanking_unauthorized,netbanking,3428.96,15,0.0,netbanking_otp,1540,4,3,,,1,0,0
nb_unauth_00630,netbanking_unauthorized,netbanking,5082.38,25,0.0,netbanking_otp,1487,9,2,,,0,0,0
nb_unauth_00631,netbanking_unauthorized,netbanking,1133.52,23,1.0,saved_credentials,1919,11,0,,,1,0,0
nb_unauth_00632,netbanking_unauthorized,netbanking,1898.5,18,0.0,netbanking_otp,977,9,0,,,1,0,0
nb_unauth_00633,netbanking_unauthorized,netbanking,87.52,2,0.0,saved_credentials,1231,6,0,,,1,1,0
nb_unauth_00634,netbanking_unauthorized,netbanking,524.26,22,0.0,netbanking_otp,1729,7,0,,,1,0,1
nb_unauth_00635,netbanking_unauthorized,netbanking,12044.05,2,0.87,netbanking_otp,1545,6,0,,,1,1,1
nb_unauth_00636,netbanking_unauthorized,netbanking,1063.85,22,0.0,saved_credentials,922,6,1,,,1,0,0
nb_unauth_00637,netbanking_unauthorized,netbanking,1523.31,27,1.0,netbanking_otp,1677,5,1,,,1,0,0
nb_unauth_00638,netbanking_unauthorized,netbanking,1838.9,15,1.0,netbanking_otp,1543,8,1,,,1,0,1
nb_unauth_00639,netbanking_unauthorized,netbanking,9711.25,28,1.0,netbanking_otp,1611,7,0,,,1,0,1
nb_unauth_00640,netbanking_unauthorized,netbanking,1102.85,18,0.35,saved_credentials,974,3,0,,,1,0,1
nb_unauth_00641,netbanking_unauthorized,netbanking,3082.75,15,1.0,saved_credentials,654,11,0,,,1,0,1
nb_unauth_00642,netbanking_unauthorized,netbanking,1965.37,15,0.0,netbanking_otp,1558,14,0,,,1,0,0
nb_unauth_00643,netbanking_unauthorized,netbanking,2343.49,4,1.0,netbanking_otp,5,6,0,,,1,0,1
nb_unauth_00644,netbanking_unauthorized,netbanking,866.28,1,0.422,saved_credentials,1755,12,0,,,1,0,0
nb_unauth_00645,netbanking_unauthorized,netbanking,2017.19,2,0.0,netbanking_otp,1256,10,0,,,1,0,0
nb_unauth_00646,netbanking_unauthorized,netbanking,5343.15,26,1.0,netbanking_otp,1657,6,0,,,0,0,1
nb_unauth_00647,netbanking_unauthorized,netbanking,3057.55,4,0.0,netbanking_otp,1895,5,0,,,1,0,1
nb_unauth_00648,netbanking_unauthorized,netbanking,4425.24,19,0.0,netbanking_otp,1461,10,0,,,1,1,0
nb_unauth_00649,netbanking_unauthorized,netbanking,1227.21,8,0.489,netbanking_otp,1775,7,0,,,1,0,1
nb_unauth_00650,netbanking_unauthorized,netbanking,5808.91,11,0.814,netbanking_otp,1278,6,2,,,1,1,0
nb_unauth_00651,netbanking_unauthorized,netbanking,3222.75,20,1.0,netbanking_otp,10,3,0,,,1,0,1
nb_unauth_00652,netbanking_unauthorized,netbanking,2387.51,26,0.0,netbanking_otp,755,5,0,,,1,0,1
nb_unauth_00653,netbanking_unauthorized,netbanking,2670.04,3,1.0,netbanking_otp,1808,12,0,,,1,0,1
nb_unauth_00654,netbanking_unauthorized,netbanking,3554.12,15,1.0,netbanking_otp,455,9,0,,,0,0,1
nb_unauth_00655,netbanking_unauthorized,netbanking,3446.49,4,0.0,saved_credentials,22,6,0,,,1,0,0
nb_unauth_00656,netbanking_unauthorized,netbanking,8349.46,6,0.0,netbanking_otp,839,9,0,,,0,0,0
nb_unauth_00657,netbanking_unauthorized,netbanking,3662.5,21,0.0,netbanking_otp,1063,8,0,,,0,0,0
nb_unauth_00658,netbanking_unauthorized,netbanking,3557.73,0,0.75,saved_credentials,996,10,0,,,0,0,1
nb_unauth_00659,netbanking_unauthorized,netbanking,2953.72,7,0.0,saved_credentials,1705,5,0,,,1,0,0
nb_unauth_00660,netbanking_unauthorized,netbanking,4126.07,16,0.0,saved_credentials,355,10,0,,,1,0,0
nb_unauth_00661,netbanking_unauthorized,netbanking,6218.61,6,0.954,saved_credentials,832,10,1,,,1,0,1
nb_unauth_00662,netbanking_unauthorized,netbanking,515.05,11,0.0,netbanking_otp,1192,6,0,,,1,0,1
nb_unauth_00663,netbanking_unauthorized,netbanking,445.22,17,0.907,netbanking_otp,1368,8,0,,,1,1,1
nb_unauth_00664,netbanking_unauthorized,netbanking,2862.67,27,0.833,netbanking_otp,1681,6,0,,,1,0,1
nb_unauth_00665,netbanking_unauthorized,netbanking,1736.18,2,0.912,netbanking_otp,465,7,0,,,1,0,1
nb_unauth_00666,netbanking_unauthorized,netbanking,3412.94,15,0.694,netbanking_otp,1767,2,1,,,1,0,1
nb_unauth_00667,netbanking_unauthorized,netbanking,3475.38,18,1.0,netbanking_otp,1940,7,0,,,1,0,1
nb_unauth_00668,netbanking_unauthorized,netbanking,2829.92,14,1.0,saved_credentials,1980,11,1,,,1,0,1
nb_unauth_00669,netbanking_unauthorized,netbanking,7408.5,0,1.0,netbanking_otp,89,5,0,,,0,0,1
nb_unauth_00670,netbanking_unauthorized,netbanking,1587.19,22,0.0,saved_credentials,738,7,1,,,1,0,0
nb_unauth_00671,netbanking_unauthorized,netbanking,1892.32,6,1.0,netbanking_otp,1264,5,1,,,1,0,1
nb_unauth_00672,netbanking_unauthorized,netbanking,8900.08,2,0.0,netbanking_otp,580,4,0,,,1,0,0
nb_unauth_00673,netbanking_unauthorized,netbanking,1058.12,13,0.935,netbanking_otp,70,11,0,,,1,0,0
nb_unauth_00674,netbanking_unauthorized,netbanking,2682.36,5,1.0,saved_credentials,528,3,2,,,1,0,1
nb_unauth_00675,netbanking_unauthorized,netbanking,2460.37,18,1.0,netbanking_otp,84,5,1,,,0,0,1
nb_unauth_00676,netbanking_unauthorized,netbanking,4659.88,16,0.0,saved_credentials,1476,7,0,,,1,0,1
nb_unauth_00677,netbanking_unauthorized,netbanking,3104.0,6,0.0,netbanking_otp,541,9,0,,,1,0,1
nb_unauth_00678,netbanking_unauthorized,netbanking,913.67,27,1.0,netbanking_otp,1327,7,0,,,1,0,1
nb_unauth_00679,netbanking_unauthorized,netbanking,2159.96,26,1.0,netbanking_otp,31,10,0,,,1,0,1
nb_unauth_00680,netbanking_unauthorized,netbanking,1949.62,9,1.0,netbanking_otp,1585,10,1,,,1,1,0
nb_unauth_00681,netbanking_unauthorized,netbanking,5308.52,27,0.35,saved_credentials,415,5,0,,,0,0,1
nb_unauth_00682,netbanking_unauthorized,netbanking,8871.85,9,0.833,netbanking_otp,479,7,0,,,1,0,1
nb_unauth_00683,netbanking_unauthorized,netbanking,7415.46,14,0.0,saved_credentials,308,8,0,,,1,0,0
nb_unauth_00684,netbanking_unauthorized,netbanking,3026.43,16,1.0,netbanking_otp,165,13,0,,,1,0,1
nb_unauth_00685,netbanking_unauthorized,netbanking,6473.87,8,0.0,netbanking_otp,1823,14,1,,,1,0,1
nb_unauth_00686,netbanking_unauthorized,netbanking,6554.6,18,1.0,saved_credentials,1875,10,0,,,1,0,1
nb_unauth_00687,netbanking_unauthorized,netbanking,10177.85,3,1.0,saved_credentials,83,3,1,,,0,0,0
nb_unauth_00688,netbanking_unauthorized,netbanking,36.94,18,0.0,netbanking_otp,544,6,0,,,1,0,0
nb_unauth_00689,netbanking_unauthorized,netbanking,2358.97,28,1.0,netbanking_otp,1224,7,0,,,1,0,1
nb_unauth_00690,netbanking_unauthorized,netbanking,5122.14,9,0.0,saved_credentials,1133,6,0,,,0,0,1
nb_unauth_00691,netbanking_unauthorized,netbanking,1804.76,4,1.0,netbanking_otp,1341,9,0,,,1,0,1
nb_unauth_00692,netbanking_unauthorized,netbanking,949.03,17,1.0,netbanking_otp,1813,9,1,,,1,0,1
nb_unauth_00693,netbanking_unauthorized,netbanking,1189.26,8,0.0,netbanking_otp,1642,4,1,,,1,0,0
nb_unauth_00694,netbanking_unauthorized,netbanking,4252.13,22,1.0,netbanking_otp,628,4,1,,,1,0,1
nb_unauth_00695,netbanking_unauthorized,netbanking,1947.56,9,1.0,netbanking_otp,735,6,0,,,1,0,1
nb_unauth_00696,netbanking_unauthorized,netbanking,1212.23,1,0.907,netbanking_otp,675,7,0,,,0,1,1
nb_unauth_00697,netbanking_unauthorized,netbanking,9031.18,8,0.7,netbanking_otp,364,10,0,,,0,0,1
nb_unauth_00698,netbanking_unauthorized,netbanking,4189.74,24,0.767,netbanking_otp,1136,6,2,,,1,1,0
nb_unauth_00699,netbanking_unauthorized,netbanking,8070.56,0,0.0,saved_credentials,244,8,1,,,1,0,0
nb_unauth_00700,netbanking_unauthorized,netbanking,2408.9,26,0.919,netbanking_otp,231,8,0,,,0,0,1
nb_unauth_00701,netbanking_unauthorized,netbanking,5924.63,6,0.0,saved_credentials,285,4,0,,,1,0,0
nb_unauth_00702,netbanking_unauthorized,netbanking,1430.79,8,0.0,netbanking_otp,1489,4,3,,,1,1,0
nb_unauth_00703,netbanking_unauthorized,netbanking,1944.42,22,0.0,netbanking_otp,1048,12,0,,,0,0,0
nb_unauth_00704,netbanking_unauthorized,netbanking,2334.28,27,0.0,saved_credentials,610,3,1,,,1,1,0
nb_unauth_00705,netbanking_unauthorized,netbanking,1975.31,6,0.0,saved_credentials,1194,8,1,,,0,0,0
nb_unauth_00706,netbanking_unauthorized,netbanking,1135.49,27,1.0,netbanking_otp,1435,9,0,,,0,0,1
nb_unauth_00707,netbanking_unauthorized,netbanking,2094.57,22,1.0,netbanking_otp,1577,2,0,,,1,0,1
nb_unauth_00708,netbanking_unauthorized,netbanking,755.12,0,0.0,netbanking_otp,921,5,0,,,0,0,0
nb_unauth_00709,netbanking_unauthorized,netbanking,3399.01,12,1.0,netbanking_otp,1609,6,0,,,1,0,1
nb_unauth_00710,netbanking_unauthorized,netbanking,6985.71,7,1.0,saved_credentials,643,6,0,,,0,0,1
nb_unauth_00711,netbanking_unauthorized,netbanking,1760.74,2,0.0,netbanking_otp,1685,2,0,,,0,0,0
nb_unauth_00712,netbanking_unauthorized,netbanking,2817.04,27,0.65,netbanking_otp,385,5,0,,,1,0,0
nb_unauth_00713,netbanking_unauthorized,netbanking,6549.95,24,0.685,saved_credentials,320,5,0,,,1,0,1
nb_unauth_00714,netbanking_unauthorized,netbanking,9183.29,26,0.95,netbanking_otp,1520,6,1,,,1,0,1
nb_unauth_00715,netbanking_unauthorized,netbanking,6196.56,19,0.783,netbanking_otp,1490,9,0,,,1,0,1
nb_unauth_00716,netbanking_unauthorized,netbanking,3470.68,21,0.942,netbanking_otp,1755,5,0,,,1,0,1
nb_unauth_00717,netbanking_unauthorized,netbanking,4759.72,18,0.0,saved_credentials,146,5,1,,,1,0,0
nb_unauth_00718,netbanking_unauthorized,netbanking,5079.94,1,1.0,netbanking_otp,1806,11,0,,,1,0,1
nb_unauth_00719,netbanking_unauthorized,netbanking,4815.75,4,0.838,saved_credentials,1761,11,0,,,1,0,1
nb_unauth_00720,netbanking_unauthorized,netbanking,1934.1,26,0.975,netbanking_otp,1118,4,1,,,1,0,1
nb_unauth_00721,netbanking_unauthorized,netbanking,5688.67,18,0.86,saved_credentials,1051,9,0,,,1,0,1
nb_unauth_00722,netbanking_unauthorized,netbanking,6904.95,9,1.0,saved_credentials,304,8,0,,,1,0,1
nb_unauth_00723,netbanking_unauthorized,netbanking,263.45,23,1.0,netbanking_otp,1283,6,1,,,0,0,1
nb_unauth_00724,netbanking_unauthorized,netbanking,2351.94,15,0.0,saved_credentials,1536,4,1,,,1,0,0
nb_unauth_00725,netbanking_unauthorized,netbanking,4466.96,29,1.0,netbanking_otp,1239,6,0,,,1,0,1
nb_unauth_00726,netbanking_unauthorized,netbanking,3798.85,14,1.0,netbanking_otp,445,5,1,,,1,0,1
nb_unauth_00727,netbanking_unauthorized,netbanking,4534.54,20,0.0,netbanking_otp,1116,5,0,,,1,0,0
nb_unauth_00728,netbanking_unauthorized,netbanking,1293.69,29,1.0,netbanking_otp,324,6,1,,,1,0,0
nb_unauth_00729,netbanking_unauthorized,netbanking,243.72,12,1.0,netbanking_otp,1047,6,0,,,0,0,1
nb_unauth_00730,netbanking_unauthorized,netbanking,3589.0,27,1.0,netbanking_otp,1761,8,0,,,1,1,1
nb_unauth_00731,netbanking_unauthorized,netbanking,3013.5,24,1.0,saved_credentials,1844,9,2,,,1,1,1
nb_unauth_00732,netbanking_unauthorized,netbanking,6807.01,1,0.919,netbanking_otp,1438,7,1,,,1,0,1
nb_unauth_00733,netbanking_unauthorized,netbanking,4506.4,1,1.0,netbanking_otp,697,6,0,,,1,0,1
nb_unauth_00734,netbanking_unauthorized,netbanking,269.41,2,0.935,netbanking_otp,691,4,0,,,0,0,1
nb_unauth_00735,netbanking_unauthorized,netbanking,4588.96,12,1.0,netbanking_otp,1557,10,0,,,1,0,1
nb_unauth_00736,netbanking_unauthorized,netbanking,8217.87,24,1.0,netbanking_otp,28,1,0,,,1,0,1
nb_unauth_00737,netbanking_unauthorized,netbanking,6636.97,21,0.0,netbanking_otp,724,6,0,,,0,0,0
nb_unauth_00738,netbanking_unauthorized,netbanking,4516.6,22,1.0,netbanking_otp,1109,7,1,,,1,1,1
nb_unauth_00739,netbanking_unauthorized,netbanking,2129.92,10,0.907,netbanking_otp,92,5,0,,,0,1,1
nb_unauth_00740,netbanking_unauthorized,netbanking,2760.53,1,0.0,netbanking_otp,1607,5,0,,,1,0,1
nb_unauth_00741,netbanking_unauthorized,netbanking,2703.19,1,0.0,saved_credentials,756,9,1,,,0,0,0
nb_unauth_00742,netbanking_unauthorized,netbanking,5103.4,4,1.0,netbanking_otp,1668,6,0,,,1,1,1
nb_unauth_00743,netbanking_unauthorized,netbanking,4874.54,3,0.714,saved_credentials,302,6,0,,,1,0,1
nb_unauth_00744,netbanking_unauthorized,netbanking,3385.98,28,0.0,saved_credentials,75,6,1,,,1,0,0
nb_unauth_00745,netbanking_unauthorized,netbanking,6292.56,5,0.0,netbanking_otp,881,6,0,,,1,0,0
nb_unauth_00746,netbanking_unauthorized,netbanking,1735.59,9,0.0,netbanking_otp,1924,6,0,,,1,0,0
nb_unauth_00747,netbanking_unauthorized,netbanking,5933.74,24,0.0,netbanking_otp,164,5,0,,,1,0,0
nb_unauth_00748,netbanking_unauthorized,netbanking,9300.12,6,0.0,saved_credentials,255,10,1,,,0,0,0
nb_unauth_00749,netbanking_unauthorized,netbanking,7627.47,21,0.883,netbanking_otp,1571,5,1,,,1,0,1
nb_unauth_00750,netbanking_unauthorized,netbanking,5972.64,13,0.0,netbanking_otp,227,7,0,,,1,1,0
nb_unauth_00751,netbanking_unauthorized,netbanking,2082.06,22,1.0,netbanking_otp,1182,13,0,,,1,0,1
nb_unauth_00752,netbanking_unauthorized,netbanking,4078.05,9,1.0,netbanking_otp,84,11,0,,,1,0,1
nb_unauth_00753,netbanking_unauthorized,netbanking,5045.66,27,1.0,netbanking_otp,76,7,0,,,1,0,1
nb_unauth_00754,netbanking_unauthorized,netbanking,3924.24,21,0.35,netbanking_otp,777,13,0,,,1,0,1
nb_unauth_00755,netbanking_unauthorized,netbanking,5016.17,9,0.74,netbanking_otp,1291,12,2,,,1,1,0
nb_unauth_00756,netbanking_unauthorized,netbanking,11121.11,19,0.0,netbanking_otp,1190,2,0,,,1,0,1
nb_unauth_00757,netbanking_unauthorized,netbanking,7452.27,22,0.0,saved_credentials,1909,12,0,,,1,0,0
nb_unauth_00758,netbanking_unauthorized,netbanking,9915.42,29,1.0,netbanking_otp,110,9,2,,,1,1,0
nb_unauth_00759,netbanking_unauthorized,netbanking,7193.4,10,1.0,netbanking_otp,127,7,0,,,0,0,1
nb_unauth_00760,netbanking_unauthorized,netbanking,2791.82,29,0.882,netbanking_otp,1550,11,0,,,1,1,1
nb_unauth_00761,netbanking_unauthorized,netbanking,1399.75,23,1.0,netbanking_otp,714,8,1,,,1,0,1
nb_unauth_00762,netbanking_unauthorized,netbanking,2732.29,13,1.0,netbanking_otp,426,4,0,,,1,0,1
nb_unauth_00763,netbanking_unauthorized,netbanking,3791.36,20,0.0,saved_credentials,1789,5,1,,,1,0,0
nb_unauth_00764,netbanking_unauthorized,netbanking,6893.01,16,0.0,netbanking_otp,634,5,0,,,1,0,1
nb_unauth_00765,netbanking_unauthorized,netbanking,6091.9,29,1.0,netbanking_otp,67,2,1,,,0,0,1
nb_unauth_00766,netbanking_unauthorized,netbanking,1724.38,1,1.0,netbanking_otp,34,5,0,,,1,0,1
nb_unauth_00767,netbanking_unauthorized,netbanking,4000.67,22,1.0,saved_credentials,1837,8,0,,,1,0,1
nb_unauth_00768,netbanking_unauthorized,netbanking,8242.76,24,1.0,netbanking_otp,319,10,0,,,1,0,1
nb_unauth_00769,netbanking_unauthorized,netbanking,1779.86,0,0.0,netbanking_otp,1977,3,0,,,0,0,0
nb_unauth_00770,netbanking_unauthorized,netbanking,3119.09,15,1.0,netbanking_otp,397,2,2,,,1,0,1
nb_unauth_00771,netbanking_unauthorized,netbanking,2651.25,20,1.0,saved_credentials,780,7,1,,,1,0,1
nb_unauth_00772,netbanking_unauthorized,netbanking,6436.65,25,0.912,saved_credentials,126,6,0,,,1,0,1
nb_unauth_00773,netbanking_unauthorized,netbanking,10184.23,3,0.0,netbanking_otp,930,3,0,,,0,0,1
nb_unauth_00774,netbanking_unauthorized,netbanking,2510.77,8,1.0,netbanking_otp,1924,13,0,,,0,0,1
nb_unauth_00775,netbanking_unauthorized,netbanking,2072.79,16,1.0,netbanking_otp,1976,11,0,,,1,0,1
nb_unauth_00776,netbanking_unauthorized,netbanking,1103.22,19,1.0,netbanking_otp,746,7,0,,,1,0,1
nb_unauth_00777,netbanking_unauthorized,netbanking,3639.85,4,0.0,netbanking_otp,120,4,0,,,1,0,0
nb_unauth_00778,netbanking_unauthorized,netbanking,6705.34,24,1.0,netbanking_otp,1383,8,0,,,1,0,1
nb_unauth_00779,netbanking_unauthorized,netbanking,709.96,14,1.0,netbanking_otp,636,5,0,,,1,0,1
nb_unauth_00780,netbanking_unauthorized,netbanking,3273.87,12,0.0,saved_credentials,1737,9,2,,,1,1,0
nb_unauth_00781,netbanking_unauthorized,netbanking,4516.52,23,0.0,netbanking_otp,127,7,0,,,1,0,0
nb_unauth_00782,netbanking_unauthorized,netbanking,6085.49,15,1.0,netbanking_otp,194,3,0,,,0,1,1
nb_unauth_00783,netbanking_unauthorized,netbanking,4342.07,8,1.0,netbanking_otp,1492,8,0,,,1,0,1
nb_unauth_00784,netbanking_unauthorized,netbanking,1320.64,13,1.0,netbanking_otp,1300,10,0,,,1,0,1
nb_unauth_00785,netbanking_unauthorized,netbanking,2153.32,4,0.0,saved_credentials,1302,4,2,,,1,0,0
nb_unauth_00786,netbanking_unauthorized,netbanking,8829.85,25,0.679,netbanking_otp,1094,7,1,,,1,0,1
nb_unauth_00787,netbanking_unauthorized,netbanking,5487.36,9,0.0,saved_credentials,1727,9,0,,,1,0,0
nb_unauth_00788,netbanking_unauthorized,netbanking,2477.67,10,1.0,saved_credentials,1347,9,0,,,1,0,1
nb_unauth_00789,netbanking_unauthorized,netbanking,3232.64,5,1.0,netbanking_otp,381,3,0,,,1,0,1
nb_unauth_00790,netbanking_unauthorized,netbanking,1552.58,11,0.0,saved_credentials,1605,11,0,,,0,0,0
nb_unauth_00791,netbanking_unauthorized,netbanking,613.31,5,0.0,netbanking_otp,1090,9,0,,,0,0,0
nb_unauth_00792,netbanking_unauthorized,netbanking,3431.91,1,0.0,netbanking_otp,362,7,0,,,0,0,0
nb_unauth_00793,netbanking_unauthorized,netbanking,2007.84,20,1.0,netbanking_otp,1426,4,0,,,1,0,0
nb_unauth_00794,netbanking_unauthorized,netbanking,4631.74,11,0.35,netbanking_otp,1354,4,0,,,0,0,1
nb_unauth_00795,netbanking_unauthorized,netbanking,11749.4,21,1.0,netbanking_otp,564,7,0,,,1,0,1
nb_unauth_00796,netbanking_unauthorized,netbanking,4423.2,6,1.0,saved_credentials,372,8,1,,,0,0,1
nb_unauth_00797,netbanking_unauthorized,netbanking,4421.98,15,1.0,saved_credentials,1779,9,0,,,1,0,1
nb_unauth_00798,netbanking_unauthorized,netbanking,6637.23,6,1.0,netbanking_otp,1714,5,0,,,1,0,1
nb_unauth_00799,netbanking_unauthorized,netbanking,1087.19,7,0.0,saved_credentials,396,7,0,,,1,0,0
nb_unauth_00800,netbanking_unauthorized,netbanking,5044.05,29,0.0,saved_credentials,1378,8,0,,,1,0,0
nb_unauth_00801,netbanking_unauthorized,netbanking,1517.61,15,0.0,netbanking_otp,237,7,0,,,1,1,1
nb_unauth_00802,netbanking_unauthorized,netbanking,6538.58,0,0.0,netbanking_otp,1823,7,2,,,1,0,0
nb_unauth_00803,netbanking_unauthorized,netbanking,4409.96,28,0.856,netbanking_otp,562,6,0,,,1,0,1
nb_unauth_00804,netbanking_unauthorized,netbanking,1201.38,24,0.0,netbanking_otp,344,10,3,,,1,0,0
nb_unauth_00805,netbanking_unauthorized,netbanking,4466.59,11,1.0,netbanking_otp,1595,8,0,,,1,0,1
nb_unauth_00806,netbanking_unauthorized,netbanking,936.9,7,1.0,netbanking_otp,1920,7,0,,,1,0,1
nb_unauth_00807,netbanking_unauthorized,netbanking,1163.18,12,1.0,netbanking_otp,1428,9,1,,,1,0,1
nb_unauth_00808,netbanking_unauthorized,netbanking,850.11,23,0.95,netbanking_otp,1793,9,1,,,1,1,1
nb_unauth_00809,netbanking_unauthorized,netbanking,6841.65,14,0.0,netbanking_otp,1782,12,0,,,0,0,1
nb_unauth_00810,netbanking_unauthorized,netbanking,4753.37,5,1.0,saved_credentials,588,4,0,,,0,0,1
nb_unauth_00811,netbanking_unauthorized,netbanking,3811.89,5,0.0,netbanking_otp,1233,4,1,,,1,0,0
nb_unauth_00812,netbanking_unauthorized,netbanking,1686.23,29,0.0,saved_credentials,1379,7,0,,,1,0,0
nb_unauth_00813,netbanking_unauthorized,netbanking,5091.51,7,0.0,netbanking_otp,1836,13,0,,,1,0,0
nb_unauth_00814,netbanking_unauthorized,netbanking,3891.48,17,0.87,netbanking_otp,1081,7,2,,,1,0,1
nb_unauth_00815,netbanking_unauthorized,netbanking,2273.77,20,0.0,saved_credentials,1086,7,1,,,1,0,0
nb_unauth_00816,netbanking_unauthorized,netbanking,4162.6,4,0.783,netbanking_otp,1634,2,0,,,1,0,1
nb_unauth_00817,netbanking_unauthorized,netbanking,4782.47,4,0.74,netbanking_otp,1836,9,0,,,1,0,1
nb_unauth_00818,netbanking_unauthorized,netbanking,1289.32,9,1.0,netbanking_otp,130,6,0,,,1,0,1
nb_unauth_00819,netbanking_unauthorized,netbanking,8102.51,18,0.75,netbanking_otp,1740,6,2,,,1,1,0
nb_unauth_00820,netbanking_unauthorized,netbanking,3081.13,25,1.0,saved_credentials,783,11,0,,,1,0,1
nb_unauth_00821,netbanking_unauthorized,netbanking,4940.54,11,0.905,netbanking_otp,947,8,2,,,1,0,1
nb_unauth_00822,netbanking_unauthorized,netbanking,2893.6,8,1.0,netbanking_otp,864,5,0,,,1,0,1
nb_unauth_00823,netbanking_unauthorized,netbanking,4455.86,9,0.0,netbanking_otp,13,4,1,,,1,1,0
nb_unauth_00824,netbanking_unauthorized,netbanking,2555.15,23,0.0,netbanking_otp,1146,8,0,,,1,0,0
nb_unauth_00825,netbanking_unauthorized,netbanking,2732.14,16,0.0,saved_credentials,1971,5,1,,,1,1,0
nb_unauth_00826,netbanking_unauthorized,netbanking,2514.43,18,1.0,netbanking_otp,1433,5,0,,,1,0,1
nb_unauth_00827,netbanking_unauthorized,netbanking,3776.45,6,0.0,netbanking_otp,994,9,0,,,1,0,0
nb_unauth_00828,netbanking_unauthorized,netbanking,5649.23,19,0.0,netbanking_otp,46,8,0,,,0,0,0
nb_unauth_00829,netbanking_unauthorized,netbanking,5733.25,9,1.0,netbanking_otp,1482,5,0,,,1,0,1
nb_unauth_00830,netbanking_unauthorized,netbanking,5507.58,26,0.922,saved_credentials,1337,8,0,,,1,1,1
nb_unauth_00831,netbanking_unauthorized,netbanking,4064.72,15,1.0,netbanking_otp,905,4,3,,,1,0,1
nb_unauth_00832,netbanking_unauthorized,netbanking,2304.0,4,0.965,netbanking_otp,731,5,0,,,1,1,0
nb_unauth_00833,netbanking_unauthorized,netbanking,5571.69,19,0.0,netbanking_otp,724,7,0,,,1,0,0
nb_unauth_00834,netbanking_unauthorized,netbanking,3746.97,0,0.65,netbanking_otp,430,8,0,,,1,0,1
nb_unauth_00835,netbanking_unauthorized,netbanking,2057.6,25,0.942,netbanking_otp,717,4,0,,,1,0,0
nb_unauth_00836,netbanking_unauthorized,netbanking,3047.45,12,0.0,netbanking_otp,324,10,0,,,1,0,0
nb_unauth_00837,netbanking_unauthorized,netbanking,6031.06,24,0.0,saved_credentials,711,1,0,,,1,0,0
nb_unauth_00838,netbanking_unauthorized,netbanking,1364.7,28,0.0,saved_credentials,1870,5,0,,,1,0,0
nb_unauth_00839,netbanking_unauthorized,netbanking,8406.07,14,1.0,netbanking_otp,1159,12,0,,,1,0,1
nb_unauth_00840,netbanking_unauthorized,netbanking,12609.81,3,0.35,netbanking_otp,1162,12,0,,,0,0,0
nb_unauth_00841,netbanking_unauthorized,netbanking,2313.86,2,1.0,saved_credentials,1615,5,1,,,1,0,1
nb_unauth_00842,netbanking_unauthorized,netbanking,2564.8,9,0.0,saved_credentials,1754,8,0,,,1,0,0
nb_unauth_00843,netbanking_unauthorized,netbanking,2916.33,5,0.0,netbanking_otp,1138,7,0,,,1,0,0
nb_unauth_00844,netbanking_unauthorized,netbanking,2236.79,21,0.0,netbanking_otp,723,8,0,,,1,0,0
nb_unauth_00845,netbanking_unauthorized,netbanking,10318.45,0,1.0,saved_credentials,1052,6,0,,,1,0,1
nb_unauth_00846,netbanking_unauthorized,netbanking,2913.65,21,0.0,netbanking_otp,1736,6,3,,,1,0,0
nb_unauth_00847,netbanking_unauthorized,netbanking,1240.09,5,1.0,netbanking_otp,613,6,0,,,0,0,1
nb_unauth_00848,netbanking_unauthorized,netbanking,3926.16,3,1.0,saved_credentials,1961,12,1,,,0,0,1
nb_unauth_00849,netbanking_unauthorized,netbanking,1722.79,0,0.0,netbanking_otp,926,4,0,,,1,0,0
nb_unauth_00850,netbanking_unauthorized,netbanking,964.14,24,1.0,saved_credentials,1457,7,0,,,1,0,1
nb_unauth_00851,netbanking_unauthorized,netbanking,1910.69,21,0.838,netbanking_otp,360,5,1,,,1,0,1
nb_unauth_00852,netbanking_unauthorized,netbanking,2083.91,26,1.0,netbanking_otp,1969,7,0,,,1,0,1
nb_unauth_00853,netbanking_unauthorized,netbanking,2927.81,16,1.0,netbanking_otp,1489,9,0,,,0,0,1
nb_unauth_00854,netbanking_unauthorized,netbanking,679.64,17,1.0,netbanking_otp,1790,6,0,,,1,0,1
nb_unauth_00855,netbanking_unauthorized,netbanking,9759.55,1,0.0,saved_credentials,1566,8,0,,,1,0,1
nb_unauth_00856,netbanking_unauthorized,netbanking,4297.88,0,0.0,saved_credentials,861,11,0,,,0,0,1
nb_unauth_00857,netbanking_unauthorized,netbanking,5249.06,18,0.0,netbanking_otp,477,8,0,,,1,1,0
nb_unauth_00858,netbanking_unauthorized,netbanking,3649.23,15,0.0,netbanking_otp,1601,9,0,,,1,0,0
nb_unauth_00859,netbanking_unauthorized,netbanking,7331.44,24,0.0,netbanking_otp,1134,6,0,,,1,0,0
nb_unauth_00860,netbanking_unauthorized,netbanking,2529.38,16,1.0,saved_credentials,486,8,0,,,1,0,1
nb_unauth_00861,netbanking_unauthorized,netbanking,3630.96,0,0.233,saved_credentials,570,4,0,,,0,0,1
nb_unauth_00862,netbanking_unauthorized,netbanking,1587.79,19,0.0,netbanking_otp,379,5,1,,,1,1,0
nb_unauth_00863,netbanking_unauthorized,netbanking,3096.75,3,0.0,netbanking_otp,1954,4,0,,,1,0,0
nb_unauth_00864,netbanking_unauthorized,netbanking,3402.27,26,0.0,saved_credentials,1407,6,0,,,1,0,1
nb_unauth_00865,netbanking_unauthorized,netbanking,1721.38,14,0.0,saved_credentials,598,8,1,,,1,1,0
nb_unauth_00866,netbanking_unauthorized,netbanking,4255.54,13,0.0,saved_credentials,433,10,0,,,0,0,0
nb_unauth_00867,netbanking_unauthorized,netbanking,4522.94,1,0.35,netbanking_otp,1728,6,0,,,1,0,1
nb_unauth_00868,netbanking_unauthorized,netbanking,5319.94,9,0.79,netbanking_otp,1443,4,0,,,1,0,1
nb_unauth_00869,netbanking_unauthorized,netbanking,4458.26,0,0.721,netbanking_otp,1400,6,1,,,1,1,1
nb_unauth_00870,netbanking_unauthorized,netbanking,3190.01,3,0.0,netbanking_otp,131,6,0,,,1,0,0
nb_unauth_00871,netbanking_unauthorized,netbanking,6014.71,17,1.0,netbanking_otp,1931,8,1,,,1,0,1
nb_unauth_00872,netbanking_unauthorized,netbanking,3609.85,14,1.0,netbanking_otp,879,5,0,,,1,0,1
nb_unauth_00873,netbanking_unauthorized,netbanking,497.43,16,1.0,saved_credentials,1439,11,1,,,0,0,1
nb_unauth_00874,netbanking_unauthorized,netbanking,1016.23,24,0.75,saved_credentials,362,9,0,,,1,0,1
nb_unauth_00875,netbanking_unauthorized,netbanking,1560.01,24,1.0,netbanking_otp,1218,8,0,,,1,0,1
nb_unauth_00876,netbanking_unauthorized,netbanking,1911.7,26,0.0,saved_credentials,185,4,0,,,0,0,1
nb_unauth_00877,netbanking_unauthorized,netbanking,4268.41,2,0.0,saved_credentials,921,8,0,,,1,0,0
nb_unauth_00878,netbanking_unauthorized,netbanking,7532.81,2,1.0,netbanking_otp,471,8,0,,,1,0,1
nb_unauth_00879,netbanking_unauthorized,netbanking,4822.72,26,1.0,netbanking_otp,942,4,1,,,1,0,1
nb_unauth_00880,netbanking_unauthorized,netbanking,4110.81,26,1.0,saved_credentials,1739,8,0,,,1,0,1
nb_unauth_00881,netbanking_unauthorized,netbanking,652.38,0,1.0,netbanking_otp,3,7,2,,,1,0,1
nb_unauth_00882,netbanking_unauthorized,netbanking,312.26,0,0.0,saved_credentials,922,8,0,,,1,0,0
nb_unauth_00883,netbanking_unauthorized,netbanking,8254.65,9,0.0,netbanking_otp,1993,8,2,,,1,0,0
nb_unauth_00884,netbanking_unauthorized,netbanking,2422.98,16,1.0,netbanking_otp,1945,5,0,,,0,1,1
nb_unauth_00885,netbanking_unauthorized,netbanking,4330.74,1,0.0,saved_credentials,1135,3,1,,,1,0,0
nb_unauth_00886,netbanking_unauthorized,netbanking,4696.5,13,0.0,netbanking_otp,1329,8,0,,,1,0,0
nb_unauth_00887,netbanking_unauthorized,netbanking,12231.88,7,1.0,netbanking_otp,1174,12,1,,,1,0,1
nb_unauth_00888,netbanking_unauthorized,netbanking,9898.0,27,0.0,netbanking_otp,913,4,0,,,0,0,0
nb_unauth_00889,netbanking_unauthorized,netbanking,13671.01,24,0.835,netbanking_otp,361,6,1,,,1,0,0
nb_unauth_00890,netbanking_unauthorized,netbanking,5283.24,15,0.965,netbanking_otp,1616,12,1,,,1,0,1
nb_unauth_00891,netbanking_unauthorized,netbanking,8849.28,3,1.0,netbanking_otp,864,9,0,,,0,0,1
nb_unauth_00892,netbanking_unauthorized,netbanking,1301.21,7,1.0,netbanking_otp,1746,4,1,,,0,0,1
nb_unauth_00893,netbanking_unauthorized,netbanking,12389.29,6,0.74,netbanking_otp,438,6,1,,,0,0,1
nb_unauth_00894,netbanking_unauthorized,netbanking,5907.5,25,0.95,netbanking_otp,392,3,0,,,0,0,1
nb_unauth_00895,netbanking_unauthorized,netbanking,2737.89,18,1.0,saved_credentials,438,7,0,,,1,0,1
nb_unauth_00896,netbanking_unauthorized,netbanking,6341.44,10,0.0,netbanking_otp,1303,7,0,,,1,0,0
nb_unauth_00897,netbanking_unauthorized,netbanking,7595.93,0,1.0,saved_credentials,1095,8,0,,,1,0,1
nb_unauth_00898,netbanking_unauthorized,netbanking,4960.16,24,0.928,saved_credentials,1314,8,0,,,1,0,1
nb_unauth_00899,netbanking_unauthorized,netbanking,7905.89,18,0.0,netbanking_otp,482,5,0,,,1,0,1
nb_unauth_00900,netbanking_unauthorized,netbanking,3242.89,7,0.0,netbanking_otp,719,6,0,,,0,0,1
nb_unauth_00901,netbanking_unauthorized,netbanking,4949.08,26,0.0,saved_credentials,1333,4,0,,,1,0,0
nb_unauth_00902,netbanking_unauthorized,netbanking,1512.8,22,1.0,netbanking_otp,1006,8,1,,,0,0,1
nb_unauth_00903,netbanking_unauthorized,netbanking,2760.91,2,0.0,saved_credentials,753,8,0,,,1,0,0
nb_unauth_00904,netbanking_unauthorized,netbanking,2366.9,0,1.0,saved_credentials,646,10,0,,,0,0,1
nb_unauth_00905,netbanking_unauthorized,netbanking,1268.47,0,0.0,saved_credentials,754,7,0,,,1,1,0
nb_unauth_00906,netbanking_unauthorized,netbanking,496.54,8,1.0,netbanking_otp,557,11,2,,,1,0,1
nb_unauth_00907,netbanking_unauthorized,netbanking,2834.81,12,0.0,netbanking_otp,1404,7,0,,,1,0,1
nb_unauth_00908,netbanking_unauthorized,netbanking,1594.59,27,1.0,netbanking_otp,327,10,0,,,1,0,1
nb_unauth_00909,netbanking_unauthorized,netbanking,3993.22,25,0.0,netbanking_otp,1341,5,0,,,1,0,0
nb_unauth_00910,netbanking_unauthorized,netbanking,4427.9,29,0.0,saved_credentials,153,3,0,,,1,0,0
nb_unauth_00911,netbanking_unauthorized,netbanking,10020.16,28,1.0,netbanking_otp,807,9,0,,,1,0,1
nb_unauth_00912,netbanking_unauthorized,netbanking,2257.28,0,1.0,netbanking_otp,999,2,1,,,0,1,0
nb_unauth_00913,netbanking_unauthorized,netbanking,7633.63,24,1.0,netbanking_otp,1860,9,1,,,1,0,1
nb_unauth_00914,netbanking_unauthorized,netbanking,4295.94,27,0.892,netbanking_otp,1323,4,0,,,1,0,1
nb_unauth_00915,netbanking_unauthorized,netbanking,4814.16,19,1.0,netbanking_otp,657,6,0,,,1,0,1
nb_unauth_00916,netbanking_unauthorized,netbanking,3853.16,28,1.0,saved_credentials,738,6,1,,,1,0,1
nb_unauth_00917,netbanking_unauthorized,netbanking,6804.47,12,1.0,netbanking_otp,1437,4,0,,,1,0,1
nb_unauth_00918,netbanking_unauthorized,netbanking,3835.77,23,1.0,netbanking_otp,1735,9,0,,,1,0,1
nb_unauth_00919,netbanking_unauthorized,netbanking,3755.51,23,0.883,netbanking_otp,1587,3,0,,,1,0,1
nb_unauth_00920,netbanking_unauthorized,netbanking,1553.81,6,1.0,netbanking_otp,1800,9,0,,,1,0,1
nb_unauth_00921,netbanking_unauthorized,netbanking,1788.66,22,0.856,saved_credentials,437,8,2,,,0,0,0
nb_unauth_00922,netbanking_unauthorized,netbanking,4326.18,14,0.838,netbanking_otp,985,6,0,,,1,0,1
nb_unauth_00923,netbanking_unauthorized,netbanking,2569.12,5,1.0,netbanking_otp,948,13,0,,,1,0,1
nb_unauth_00924,netbanking_unauthorized,netbanking,915.99,3,0.0,netbanking_otp,839,3,0,,,1,0,0
nb_unauth_00925,netbanking_unauthorized,netbanking,2369.74,21,0.0,saved_credentials,42,11,1,,,1,0,0
nb_unauth_00926,netbanking_unauthorized,netbanking,6048.55,24,0.0,saved_credentials,446,8,0,,,1,0,0
nb_unauth_00927,netbanking_unauthorized,netbanking,4026.17,23,1.0,netbanking_otp,660,8,0,,,1,0,1
nb_unauth_00928,netbanking_unauthorized,netbanking,2102.28,29,0.371,netbanking_otp,821,5,0,,,1,0,1
nb_unauth_00929,netbanking_unauthorized,netbanking,3352.29,27,0.928,netbanking_otp,540,5,0,,,0,0,1
nb_unauth_00930,netbanking_unauthorized,netbanking,6495.86,5,1.0,saved_credentials,710,9,0,,,1,0,1
nb_unauth_00931,netbanking_unauthorized,netbanking,1522.79,21,0.0,netbanking_otp,1543,12,2,,,1,0,0
nb_unauth_00932,netbanking_unauthorized,netbanking,1403.47,6,0.0,netbanking_otp,654,16,0,,,0,0,0
nb_unauth_00933,netbanking_unauthorized,netbanking,3926.63,21,0.0,netbanking_otp,442,6,0,,,0,0,0
nb_unauth_00934,netbanking_unauthorized,netbanking,2397.95,12,0.0,netbanking_otp,933,8,1,,,1,0,0
nb_unauth_00935,netbanking_unauthorized,netbanking,3924.51,27,0.838,netbanking_otp,51,8,1,,,1,0,1
nb_unauth_00936,netbanking_unauthorized,netbanking,3508.12,3,1.0,netbanking_otp,455,3,0,,,1,0,1
nb_unauth_00937,netbanking_unauthorized,netbanking,3916.79,5,1.0,netbanking_otp,48,6,0,,,1,1,0
nb_unauth_00938,netbanking_unauthorized,netbanking,10271.03,18,0.0,netbanking_otp,136,6,0,,,1,0,0
nb_unauth_00939,netbanking_unauthorized,netbanking,1155.88,16,0.0,saved_credentials,1527,5,0,,,1,0,0
nb_unauth_00940,netbanking_unauthorized,netbanking,5446.9,25,1.0,saved_credentials,49,9,1,,,1,1,0
nb_unauth_00941,netbanking_unauthorized,netbanking,4641.88,26,0.0,saved_credentials,287,6,1,,,1,1,0
nb_unauth_00942,netbanking_unauthorized,netbanking,5266.44,7,0.0,saved_credentials,354,6,1,,,1,0,0
nb_unauth_00943,netbanking_unauthorized,netbanking,603.91,18,0.0,netbanking_otp,1288,6,0,,,0,0,0
nb_unauth_00944,netbanking_unauthorized,netbanking,5834.58,22,1.0,saved_credentials,662,5,0,,,0,0,1
nb_unauth_00945,netbanking_unauthorized,netbanking,2853.3,27,0.0,netbanking_otp,403,2,0,,,1,0,0
nb_unauth_00946,netbanking_unauthorized,netbanking,3802.69,10,0.0,saved_credentials,1468,2,0,,,1,0,1
nb_unauth_00947,netbanking_unauthorized,netbanking,3132.18,1,1.0,netbanking_otp,444,9,0,,,0,0,1
nb_unauth_00948,netbanking_unauthorized,netbanking,1702.36,10,1.0,netbanking_otp,1875,8,1,,,1,0,1
nb_unauth_00949,netbanking_unauthorized,netbanking,2925.91,6,1.0,netbanking_otp,1613,4,2,,,1,0,1
nb_unauth_00950,netbanking_unauthorized,netbanking,3499.93,1,1.0,saved_credentials,1766,10,0,,,0,0,1
nb_unauth_00951,netbanking_unauthorized,netbanking,4940.8,6,0.0,saved_credentials,1364,4,0,,,1,0,0
nb_unauth_00952,netbanking_unauthorized,netbanking,4386.82,5,0.0,netbanking_otp,553,7,1,,,0,0,1
nb_unauth_00953,netbanking_unauthorized,netbanking,3220.68,2,0.0,saved_credentials,1309,13,0,,,1,1,0
nb_unauth_00954,netbanking_unauthorized,netbanking,3611.32,23,1.0,netbanking_otp,1510,6,0,,,1,0,1
nb_unauth_00955,netbanking_unauthorized,netbanking,3579.31,18,0.0,saved_credentials,1857,6,0,,,0,0,0
nb_unauth_00956,netbanking_unauthorized,netbanking,4846.99,4,0.75,saved_credentials,103,9,1,,,1,0,1
nb_unauth_00957,netbanking_unauthorized,netbanking,5800.87,12,0.87,saved_credentials,1740,2,0,,,1,0,1
nb_unauth_00958,netbanking_unauthorized,netbanking,6195.3,25,0.0,netbanking_otp,1623,9,1,,,1,0,0
nb_unauth_00959,netbanking_unauthorized,netbanking,2659.99,7,0.0,saved_credentials,1693,6,0,,,0,0,1
nb_unauth_00960,netbanking_unauthorized,netbanking,2847.14,7,0.0,saved_credentials,401,6,0,,,1,0,1
nb_unauth_00961,netbanking_unauthorized,netbanking,2474.14,21,0.919,netbanking_otp,273,7,1,,,0,0,1
nb_unauth_00962,netbanking_unauthorized,netbanking,3522.3,11,0.0,saved_credentials,1322,3,0,,,1,0,1
nb_unauth_00963,netbanking_unauthorized,netbanking,12142.29,20,0.838,netbanking_otp,332,7,1,,,1,0,1
nb_unauth_00964,netbanking_unauthorized,netbanking,2643.25,5,0.0,netbanking_otp,372,8,1,,,1,0,0
nb_unauth_00965,netbanking_unauthorized,netbanking,5270.46,1,0.892,netbanking_otp,1964,7,1,,,1,0,1
nb_unauth_00966,netbanking_unauthorized,netbanking,5344.04,16,0.443,netbanking_otp,1819,5,0,,,1,0,1
nb_unauth_00967,netbanking_unauthorized,netbanking,4504.08,13,0.0,netbanking_otp,1153,6,0,,,1,0,0
nb_unauth_00968,netbanking_unauthorized,netbanking,565.26,25,1.0,netbanking_otp,1296,6,0,,,1,0,1
nb_unauth_00969,netbanking_unauthorized,netbanking,3286.59,21,0.0,saved_credentials,1099,7,0,,,1,0,0
nb_unauth_00970,netbanking_unauthorized,netbanking,4812.64,10,1.0,netbanking_otp,1486,6,0,,,1,0,1
nb_unauth_00971,netbanking_unauthorized,netbanking,1924.79,3,0.0,netbanking_otp,1011,5,1,,,1,0,0
nb_unauth_00972,netbanking_unauthorized,netbanking,684.79,16,0.0,netbanking_otp,1221,10,0,,,0,0,0
nb_unauth_00973,netbanking_unauthorized,netbanking,4886.64,23,1.0,saved_credentials,1471,9,1,,,0,0,1
nb_unauth_00974,netbanking_unauthorized,netbanking,5971.28,9,1.0,netbanking_otp,1588,9,0,,,1,0,1
nb_unauth_00975,netbanking_unauthorized,netbanking,3117.09,18,0.0,netbanking_otp,1189,10,1,,,1,0,0
nb_unauth_00976,netbanking_unauthorized,netbanking,2314.61,0,0.95,saved_credentials,1482,7,0,,,0,0,1
nb_unauth_00977,netbanking_unauthorized,netbanking,8400.5,21,1.0,netbanking_otp,300,7,0,,,1,0,1
nb_unauth_00978,netbanking_unauthorized,netbanking,6110.96,25,1.0,netbanking_otp,102,11,1,,,1,0,1
nb_unauth_00979,netbanking_unauthorized,netbanking,1451.56,7,1.0,saved_credentials,205,7,0,,,1,0,1
nb_unauth_00980,netbanking_unauthorized,netbanking,3849.32,20,1.0,netbanking_otp,1488,11,0,,,1,1,0
nb_unauth_00981,netbanking_unauthorized,netbanking,1608.6,22,1.0,netbanking_otp,606,7,0,,,0,0,1
nb_unauth_00982,netbanking_unauthorized,netbanking,2709.87,7,1.0,netbanking_otp,1579,4,0,,,0,0,1
nb_unauth_00983,netbanking_unauthorized,netbanking,7586.02,5,0.0,saved_credentials,1740,6,2,,,1,0,0
nb_unauth_00984,netbanking_unauthorized,netbanking,7625.35,11,0.805,netbanking_otp,1403,9,1,,,0,0,1
nb_unauth_00985,netbanking_unauthorized,netbanking,2255.26,25,1.0,saved_credentials,805,7,0,,,1,0,1
nb_unauth_00986,netbanking_unauthorized,netbanking,5151.56,11,0.0,saved_credentials,214,7,0,,,1,0,0
nb_unauth_00987,netbanking_unauthorized,netbanking,1482.81,6,0.0,netbanking_otp,1744,15,0,,,1,0,0
nb_unauth_00988,netbanking_unauthorized,netbanking,11833.3,8,0.72,saved_credentials,673,7,1,,,1,0,1
nb_unauth_00989,netbanking_unauthorized,netbanking,679.0,8,1.0,saved_credentials,1145,8,0,,,0,0,1
nb_unauth_00990,netbanking_unauthorized,netbanking,2638.6,15,0.512,netbanking_otp,1448,5,0,,,0,0,1
nb_unauth_00991,netbanking_unauthorized,netbanking,5140.55,20,0.0,netbanking_otp,1859,5,1,,,0,0,0
nb_unauth_00992,netbanking_unauthorized,netbanking,1714.57,8,0.0,netbanking_otp,1040,7,0,,,1,0,1
nb_unauth_00993,netbanking_unauthorized,netbanking,1464.17,10,0.977,netbanking_otp,1768,5,0,,,0,0,1
nb_unauth_00994,netbanking_unauthorized,netbanking,3366.72,14,0.971,saved_credentials,1451,14,0,,,1,1,1
nb_unauth_00995,netbanking_unauthorized,netbanking,2081.02,9,0.0,netbanking_otp,752,5,1,,,1,0,0
nb_unauth_00996,netbanking_unauthorized,netbanking,577.26,13,0.0,netbanking_otp,698,4,2,,,1,0,0
nb_unauth_00997,netbanking_unauthorized,netbanking,3361.47,1,1.0,saved_credentials,1102,2,0,,,1,0,1
nb_unauth_00998,netbanking_unauthorized,netbanking,5001.96,11,0.0,saved_credentials,1431,8,0,,,1,0,0
nb_unauth_00999,netbanking_unauthorized,netbanking,2951.72,24,0.0,netbanking_otp,1419,11,0,,,1,0,0
